dataset,perturb,level,method,dim,seed,cos,l2,delta_acc_svm,delta_acc_mlp,delta_f1_svm,delta_f1_mlp,delta_auc_svm,delta_auc_mlp
MUTAG,edges,0.25,graph2vec,16,0,0.94655841588974,0.27809393405914307,0.058510638297872286,0.0,0.09203320989719976,0.0,0.08444444444444454,0.0
MUTAG,edges,0.5,graph2vec,16,0,0.9508355855941772,0.2648504078388214,0.04255319148936165,0.0,0.07749534091163612,0.0,0.058666666666666645,0.0
MUTAG,edges,0.75,graph2vec,16,0,0.9558529853820801,0.2467505931854248,0.05319148936170215,0.0,0.0709869152602085,0.0,0.02539682539682553,0.0
MUTAG,edges,1.0,graph2vec,16,0,0.8872696757316589,0.47960594296455383,0.06382978723404253,0.0,0.1049875891479074,0.0,0.09371428571428575,0.0
MUTAG,attrs,0.25,graph2vec,16,0,1.0,0.0,0.0,0.0,0.0,0.0,0.0,0.0
MUTAG,attrs,0.5,graph2vec,16,0,1.0,0.0,0.0,0.0,0.0,0.0,0.0,0.0
MUTAG,attrs,0.75,graph2vec,16,0,1.0,0.0,0.0,0.0,0.0,0.0,0.0,0.0
MUTAG,attrs,1.0,graph2vec,16,0,1.0,0.0,0.0,0.0,0.0,0.0,0.0,0.0
MUTAG,edges,0.25,graph2vec,32,0,0.9419305920600891,0.27208811044692993,0.05319148936170215,0.0,0.09325562401645993,0.0,0.09117460317460313,0.0
MUTAG,edges,0.5,graph2vec,32,0,0.9478422403335571,0.2451564520597458,0.02659574468085102,0.0,0.04771855382626655,0.0,0.04800000000000004,0.0
MUTAG,edges,0.75,graph2vec,32,0,0.9540989398956299,0.2296159416437149,0.010638297872340385,0.0,0.026025573483405617,0.0,0.01650793650793647,0.0
MUTAG,edges,1.0,graph2vec,32,0,0.9546387195587158,0.3722415566444397,0.05319148936170215,0.0,0.09325562401645993,0.0,0.08939682539682536,0.0
MUTAG,attrs,0.25,graph2vec,32,0,1.0,0.0,0.0,0.0,0.0,0.0,0.0,0.0
MUTAG,attrs,0.5,graph2vec,32,0,1.0,0.0,0.0,0.0,0.0,0.0,0.0,0.0
MUTAG,attrs,0.75,graph2vec,32,0,1.0,0.0,0.0,0.0,0.0,0.0,0.0,0.0
MUTAG,attrs,1.0,graph2vec,32,0,1.0,0.0,0.0,0.0,0.0,0.0,0.0,0.0
MUTAG,edges,0.25,graph2vec,64,0,0.9497964978218079,0.23434802889823914,0.02127659574468077,0.0,0.026143595618184134,0.0,0.05231746031746032,0.0
MUTAG,edges,0.5,graph2vec,64,0,0.9576097726821899,0.20723095536231995,0.015957446808510634,0.0,0.019283617920879625,0.0,0.025650793650793702,0.0
MUTAG,edges,0.75,graph2vec,64,0,0.9429754614830017,0.2233247607946396,0.03191489361702127,0.0,0.03838317895151755,0.0,0.057523809523809644,0.0
MUTAG,edges,1.0,graph2vec,64,0,0.9158537983894348,0.4138633906841278,0.06914893617021267,0.0,0.08167691173388669,0.0,0.07530158730158742,0.0
MUTAG,attrs,0.25,graph2vec,64,0,1.0,0.0,0.0,0.0,0.0,0.0,0.0,0.0
MUTAG,attrs,0.5,graph2vec,64,0,1.0,0.0,0.0,0.0,0.0,0.0,0.0,0.0
MUTAG,attrs,0.75,graph2vec,64,0,1.0,0.0,0.0,0.0,0.0,0.0,0.0,0.0
MUTAG,attrs,1.0,graph2vec,64,0,1.0,0.0,0.0,0.0,0.0,0.0,0.0,0.0
MUTAG,edges,0.25,graph2vec,128,0,0.9163669943809509,0.25476351380348206,0.0,0.0,0.0,0.0,0.0,0.0
MUTAG,edges,0.5,graph2vec,128,0,0.9364341497421265,0.2148635983467102,0.0,0.0,0.0,0.0,0.0,0.0
MUTAG,edges,0.75,graph2vec,128,0,0.9212669134140015,0.2274751514196396,0.0,0.0,0.0,0.0,0.0,0.0
MUTAG,edges,1.0,graph2vec,128,0,0.9026139974594116,0.4125971794128418,0.0,0.0,0.0,0.0,0.0,0.0
MUTAG,attrs,0.25,graph2vec,128,0,1.0,0.0,0.0,0.0,0.0,0.0,0.0,0.0
MUTAG,attrs,0.5,graph2vec,128,0,1.0,0.0,0.0,0.0,0.0,0.0,0.0,0.0
MUTAG,attrs,0.75,graph2vec,128,0,1.0,0.0,0.0,0.0,0.0,0.0,0.0,0.0
MUTAG,attrs,1.0,graph2vec,128,0,1.0,0.0,0.0,0.0,0.0,0.0,0.0,0.0
MUTAG,edges,0.25,graph2vec,256,0,0.9323627948760986,0.20794501900672913,0.0,0.0,0.0,0.0,0.0,0.0
MUTAG,edges,0.5,graph2vec,256,0,0.9169691205024719,0.19594180583953857,0.0,0.0,0.0,0.0,0.0,0.0
MUTAG,edges,0.75,graph2vec,256,0,0.9198989868164062,0.18957524001598358,0.0,0.0,0.0,0.0,0.0,0.0
MUTAG,edges,1.0,graph2vec,256,0,0.9020989537239075,0.4056871235370636,0.0,0.0,0.0,0.0,0.0,0.0
MUTAG,attrs,0.25,graph2vec,256,0,1.0,0.0,0.0,0.0,0.0,0.0,0.0,0.0
MUTAG,attrs,0.5,graph2vec,256,0,1.0,0.0,0.0,0.0,0.0,0.0,0.0,0.0
MUTAG,attrs,0.75,graph2vec,256,0,1.0,0.0,0.0,0.0,0.0,0.0,0.0,0.0
MUTAG,attrs,1.0,graph2vec,256,0,1.0,0.0,0.0,0.0,0.0,0.0,0.0,0.0
MUTAG,edges,0.25,netlsd,16,0,0.9323671378213519,6.071378273253582,-0.06382978723404253,0.015957446808510634,-0.07679896099269079,0.018566067548884013,-0.04253968253968243,0.001777777777777767
MUTAG,edges,0.5,netlsd,16,0,0.9305954708336991,7.917661340009064,-0.0585106382978724,0.015957446808510634,-0.06599900313665608,0.018566067548884013,-0.04533333333333334,0.0017142857142857792
MUTAG,edges,0.75,netlsd,16,0,0.9194937240990156,6.3459197793652,-0.07446808510638303,0.005319148936170248,-0.08323056003541729,0.00644102819392367,-0.04546031746031742,0.0003809523809522597
MUTAG,edges,1.0,netlsd,16,0,0.8951254342228676,7.994945396901695,-0.02659574468085113,-0.06914893617021278,-0.03115210093491516,-0.07936611109852565,-0.003936507936508016,-0.02730158730158716
MUTAG,attrs,0.25,netlsd,16,0,1.0,0.0,0.0,0.0,0.0,0.0,0.0,0.0
MUTAG,attrs,0.5,netlsd,16,0,1.0,0.0,0.0,0.0,0.0,0.0,0.0,0.0
MUTAG,attrs,0.75,netlsd,16,0,1.0,0.0,0.0,0.0,0.0,0.0,0.0,0.0
MUTAG,attrs,1.0,netlsd,16,0,1.0,0.0,0.0,0.0,0.0,0.0,0.0,0.0
MUTAG,edges,0.25,netlsd,32,0,0.9323671378213505,6.07137827325388,-0.0478723404255319,0.005319148936170248,-0.056288950133104754,0.006432338363392853,-0.03606349206349202,1.1102230246251565e-16
MUTAG,edges,0.5,netlsd,32,0,0.9305954708336973,7.917661340009326,-0.0478723404255319,0.005319148936170248,-0.051103095181752156,0.00614348266482212,-0.04076190476190489,0.00025396825396828415
MUTAG,edges,0.75,netlsd,32,0,0.9194937240990186,6.345919779365504,-0.0585106382978724,0.0,-0.06614810530094806,0.00020191817640990983,-0.045015873015872954,-0.0005714285714285561
MUTAG,edges,1.0,netlsd,32,0,0.8951254342228662,7.994945396901728,-0.03191489361702127,-0.07978723404255317,-0.03462619631562447,-0.08958114720670696,-0.016825396825396854,-0.026984126984127
MUTAG,attrs,0.25,netlsd,32,0,1.0,0.0,0.0,0.0,0.0,0.0,0.0,0.0
MUTAG,attrs,0.5,netlsd,32,0,1.0,0.0,0.0,0.0,0.0,0.0,0.0,0.0
MUTAG,attrs,0.75,netlsd,32,0,1.0,0.0,0.0,0.0,0.0,0.0,0.0,0.0
MUTAG,attrs,1.0,netlsd,32,0,1.0,0.0,0.0,0.0,0.0,0.0,0.0,0.0
MUTAG,edges,0.25,netlsd,64,0,0.9323671378213505,6.07137827325388,-0.005319148936170248,0.0,-0.005802349910303262,0.0,0.00025396825396828415,0.00012698412698408656
MUTAG,edges,0.5,netlsd,64,0,0.9305954708336973,7.917661340009326,-0.02659574468085113,0.0,-0.030618339933502936,0.0,-0.0012698412698411987,0.00012698412698408656
MUTAG,edges,0.75,netlsd,64,0,0.9194937240990186,6.345919779365504,-0.02659574468085113,-0.010638297872340496,-0.02958250992042244,-0.012032770097286205,-0.0030476190476189657,-0.0006349206349206549
MUTAG,edges,1.0,netlsd,64,0,0.8951254342228662,7.994945396901728,-0.06914893617021278,-0.06914893617021278,-0.07784770799036322,-0.07784770799036322,-0.018857142857142795,-0.01866666666666661
MUTAG,attrs,0.25,netlsd,64,0,1.0,0.0,0.0,0.0,0.0,0.0,0.0,0.0
MUTAG,attrs,0.5,netlsd,64,0,1.0,0.0,0.0,0.0,0.0,0.0,0.0,0.0
MUTAG,attrs,0.75,netlsd,64,0,1.0,0.0,0.0,0.0,0.0,0.0,0.0,0.0
MUTAG,attrs,1.0,netlsd,64,0,1.0,0.0,0.0,0.0,0.0,0.0,0.0,0.0
MUTAG,edges,0.25,netlsd,128,0,0.9323671378213505,6.07137827325388,0.0,0.0,0.0,0.0,-0.0001269841269841976,0.00025396825396817313
MUTAG,edges,0.5,netlsd,128,0,0.9305954708336973,7.917661340009326,0.0,0.0,0.0,0.0,-0.0001269841269841976,0.00012698412698408656
MUTAG,edges,0.75,netlsd,128,0,0.9194937240990186,6.345919779365504,-0.010638297872340496,-0.010638297872340496,-0.012032770097286205,-0.012234688273696115,-0.0006349206349206549,-0.0003809523809523707
MUTAG,edges,1.0,netlsd,128,0,0.8951254342228662,7.994945396901728,-0.03191489361702127,-0.03191489361702127,-0.036502146644678435,-0.036502146644678435,-0.005015873015873029,-0.004952380952381041
MUTAG,attrs,0.25,netlsd,128,0,1.0,0.0,0.0,0.0,0.0,0.0,0.0,0.0
MUTAG,attrs,0.5,netlsd,128,0,1.0,0.0,0.0,0.0,0.0,0.0,0.0,0.0
MUTAG,attrs,0.75,netlsd,128,0,1.0,0.0,0.0,0.0,0.0,0.0,0.0,0.0
MUTAG,attrs,1.0,netlsd,128,0,1.0,0.0,0.0,0.0,0.0,0.0,0.0,0.0
MUTAG,edges,0.25,netlsd,256,0,0.9981305863053707,8.542799502960133,0.005319148936170137,-0.037234042553191515,0.002881021971320896,-0.04338625221532899,-0.03212698412698434,-0.018539682539682523
MUTAG,edges,0.5,netlsd,256,0,0.996755346597548,11.525700626997914,0.015957446808510634,-0.05319148936170215,0.014913792068607101,-0.060722830876940304,-0.02069841269841266,-0.033777777777777684
MUTAG,edges,0.75,netlsd,256,0,0.9971246984331966,12.182563280346034,0.010638297872340385,-0.005319148936170248,0.00698164026893755,-0.008326906509892318,-0.02400000000000002,-0.0060952380952380425
MUTAG,edges,1.0,netlsd,256,0,0.994867665603357,17.53807878934046,-0.015957446808510634,-0.037234042553191515,-0.024286716763958216,-0.040953713801595626,-0.0021587301587302488,-0.014603174603174507
MUTAG,attrs,0.25,netlsd,256,0,1.0,0.0,0.0,0.0,0.0,0.0,0.0,0.0
MUTAG,attrs,0.5,netlsd,256,0,1.0,0.0,0.0,0.0,0.0,0.0,0.0,0.0
MUTAG,attrs,0.75,netlsd,256,0,1.0,0.0,0.0,0.0,0.0,0.0,0.0,0.0
MUTAG,attrs,1.0,netlsd,256,0,1.0,0.0,0.0,0.0,0.0,0.0,0.0,0.0
MUTAG,edges,0.25,gin,16,0,0.99834144115448,0.32819345593452454,-0.04787234042553201,0.021276595744680882,-0.06462925912738116,0.023601041960894964,-0.0323809523809524,0.009777777777777774
MUTAG,edges,0.5,gin,16,0,0.9971750378608704,0.3872184753417969,-0.06382978723404265,0.015957446808510634,-0.08925142459908542,0.01653953588647783,-0.05231746031746021,0.008380952380952378
MUTAG,edges,0.75,gin,16,0,0.9946286678314209,0.4395500421524048,-0.015957446808510634,0.005319148936170248,-0.03580102611961555,0.005084338753861273,-0.029714285714285693,0.00914285714285723
MUTAG,edges,1.0,gin,16,0,0.9813739061355591,0.6123093366622925,0.04255319148936165,0.015957446808510634,0.04481943476275174,0.017020846690369185,-0.002349206349206212,0.010095238095238157
MUTAG,attrs,0.25,gin,16,0,0.9996604323387146,0.10216210037469864,0.015957446808510634,0.005319148936170248,0.014595693404124477,0.003901011259962006,0.010666666666666713,-0.00012698412698408656
MUTAG,attrs,0.5,gin,16,0,0.9992488026618958,0.15400290489196777,-0.005319148936170248,-0.010638297872340385,-0.012169308824559799,-0.011800520980447593,0.010539682539682627,0.007238095238095266
MUTAG,attrs,0.75,gin,16,0,0.9976988434791565,0.2135486602783203,-0.04787234042553201,-0.02659574468085102,-0.06251583955625328,-0.032500176296511474,-0.021714285714285797,-0.01320634920634911
MUTAG,attrs,1.0,gin,16,0,0.9983341693878174,0.2383057028055191,0.015957446808510634,-0.04255319148936165,0.011995992116987209,-0.04814245368021697,0.0005079365079365683,-0.013968253968253963
MUTAG,edges,0.25,gin,32,0,0.9594513773918152,0.763539731502533,0.015957446808510634,0.02659574468085113,0.008136249859333033,0.029365315495058497,-0.023111111111111082,0.007365079365079241
MUTAG,edges,0.5,gin,32,0,0.9139206409454346,0.9910902380943298,-0.02659574468085102,0.021276595744680882,-0.041265931194404915,0.023325727814036523,-0.04228571428571426,0.0066031746031745
MUTAG,edges,0.75,gin,32,0,0.8128134608268738,1.3094966411590576,0.05319148936170215,0.03191489361702127,0.05484473270629231,0.03535678342903659,0.013968253968253963,0.00787301587301581
MUTAG,edges,1.0,gin,32,0,0.8074181079864502,1.550208568572998,0.0585106382978724,-0.005319148936170137,0.06126476685541016,-0.006829256957578522,0.02368253968253964,0.002349206349206212
MUTAG,attrs,0.25,gin,32,0,0.9522397518157959,0.45529329776763916,-0.010638297872340385,0.021276595744680882,-0.02019014899522764,0.02317784772540621,-0.011301587301587257,0.003555555555555423
MUTAG,attrs,0.5,gin,32,0,0.9409091472625732,0.6144998669624329,-0.037234042553191515,0.015957446808510634,-0.051619161716018436,0.017236283236994,-0.011682539682539739,0.005587301587301474
MUTAG,attrs,0.75,gin,32,0,0.9417984485626221,0.6319586038589478,-0.03191489361702127,-0.037234042553191515,-0.04102777725386708,-0.04292756724943725,-0.029079365079365038,-0.0107936507936508
MUTAG,attrs,1.0,gin,32,0,0.9310649037361145,0.7122984528541565,-0.04255319148936165,-0.03191489361702127,-0.04961629985429783,-0.036594590911063096,-0.049015873015872846,-0.004444444444444584
MUTAG,edges,0.25,gin,64,0,0.9438981413841248,1.2521263360977173,-0.0478723404255319,0.02659574468085102,-0.06364402461963437,0.02996015936254981,-0.04926984126984135,0.0025396825396826195
MUTAG,edges,0.5,gin,64,0,0.8978592753410339,1.53519606590271,-0.05319148936170215,0.02659574468085102,-0.07084815940997613,0.02996015936254981,-0.04609523809523797,0.0025396825396826195
MUTAG,edges,0.75,gin,64,0,0.8656017184257507,1.9111565351486206,-0.005319148936170248,0.02127659574468077,-0.01123721285453394,0.023968127490039848,0.0031746031746031633,0.0022857142857144463
MUTAG,edges,1.0,gin,64,0,0.7667649388313293,2.576917886734009,0.02659574468085102,-0.021276595744680882,0.026303000640222285,-0.02441176775593079,-0.006285714285714228,-0.0026031746031744962
MUTAG,attrs,0.25,gin,64,0,0.9631266593933105,0.8108341097831726,-0.010638297872340496,-0.005319148936170248,-0.009645753525026834,-0.005574114830998567,-0.008507936507936353,-0.0006349206349205438
MUTAG,attrs,0.5,gin,64,0,0.9065026044845581,1.5565162897109985,-0.042553191489361764,-0.03191489361702127,-0.05474515322076301,-0.03543528066527801,-0.03187301587301583,-0.005968253968253845
MUTAG,attrs,0.75,gin,64,0,0.8889473676681519,1.853934407234192,-0.015957446808510634,-0.037234042553191515,-0.01821885312347149,-0.041658888256497884,-0.020952380952380945,-0.010539682539682516
MUTAG,attrs,1.0,gin,64,0,0.8748629093170166,1.5596802234649658,0.05319148936170204,0.02659574468085102,0.056858789431566636,0.02996015936254981,0.014349206349206334,0.0025396825396826195
MUTAG,edges,0.25,gin,128,0,0.8327286243438721,1.8605927228927612,-0.02659574468085102,0.015957446808510634,-0.03518059263461637,0.017700781470671334,-0.03022222222222226,0.0007619047619047414
MUTAG,edges,0.5,gin,128,0,0.8204216361045837,2.1287546157836914,-0.03191489361702127,0.010638297872340385,-0.04357680191822688,0.011708749598161372,-0.017142857142857237,0.0006349206349206549
MUTAG,edges,0.75,gin,128,0,0.7843208909034729,2.716318368911743,-0.04255319148936165,-0.005319148936170248,-0.059500023995511464,-0.00617223440234449,-0.03936507936507949,-0.0012698412698413097
MUTAG,edges,1.0,gin,128,0,0.758629322052002,2.6965553760528564,0.015957446808510634,-0.15957446808510634,0.01637507172178998,-0.1729861710420073,0.005142857142857005,-0.0904761904761906
MUTAG,attrs,0.25,gin,128,0,0.899193286895752,1.3836570978164673,-0.02659574468085102,-0.03191489361702127,-0.026685765740517287,-0.03540156294134267,-0.02247619047619054,-0.004063492063492102
MUTAG,attrs,0.5,gin,128,0,0.8088158369064331,2.371004581451416,-0.021276595744680882,-0.0478723404255319,-0.02840764764152892,-0.05336776691642542,-0.02653968253968253,-0.011809523809523714
MUTAG,attrs,0.75,gin,128,0,0.775585412979126,2.475003242492676,-0.03191489361702127,-0.03191489361702127,-0.039127949592151046,-0.035804578552096844,-0.02400000000000002,-0.008507936507936575
MUTAG,attrs,1.0,gin,128,0,0.735104501247406,2.6736319065093994,-0.06382978723404253,0.010638297872340385,-0.08467747143089388,0.011755741468141512,-0.05155555555555558,0.0007619047619047414
MUTAG,edges,0.25,gin,256,0,0.8335418701171875,2.9684078693389893,-0.037234042553191404,0.005319148936170248,-0.045040023640754656,0.005945040002529822,-0.03720634920634913,0.0
MUTAG,edges,0.5,gin,256,0,0.7377158403396606,3.4870424270629883,-0.0851063829787233,-0.21276595744680848,-0.10408934606828102,-0.25085989086536964,-0.04977777777777781,-0.1641904761904761
MUTAG,edges,0.75,gin,256,0,0.6499904990196228,5.215590000152588,-0.005319148936170137,0.0,-0.008481929328649662,-4.699186998013971e-05,-0.00025396825396817313,0.0
MUTAG,edges,1.0,gin,256,0,0.6793621182441711,4.6347527503967285,-0.05319148936170204,-0.037234042553191404,-0.0639616935483871,-0.04218604038661511,-0.025587301587301492,-0.004761904761904745
MUTAG,attrs,0.25,gin,256,0,0.8276582360267639,3.2640764713287354,-0.06382978723404253,-0.015957446808510634,-0.06993222200367166,-0.01774447612650243,-0.03263492063492057,-0.004444444444444473
MUTAG,attrs,0.5,gin,256,0,0.7890008091926575,3.9163572788238525,-0.04255319148936165,-0.015957446808510634,-0.048388280849974374,-0.017927975870486,-0.0269206349206349,-0.0030476190476189657
MUTAG,attrs,0.75,gin,256,0,0.7496975064277649,4.117560386657715,-0.06382978723404253,-0.18617021276595747,-0.07351270481310801,-0.20891210285461304,-0.03111111111111109,-0.1212698412698413
MUTAG,attrs,1.0,gin,256,0,0.7481549978256226,3.6803367137908936,-0.04255319148936165,0.005319148936170248,-0.05055771458878977,0.005945040002529822,-0.03073015873015872,0.0
MUTAG,edges,0.25,graph2vec,16,1,0.9309080243110657,0.29571810364723206,0.037234042553191404,0.0,0.04892828737388877,0.0,0.021333333333333315,0.0
MUTAG,edges,0.5,graph2vec,16,1,0.8758601546287537,0.34940484166145325,0.005319148936170137,0.0,0.01283938791666639,0.0,0.05346031746031743,0.0
MUTAG,edges,0.75,graph2vec,16,1,0.9168586134910583,0.2957765460014343,0.07978723404255317,0.0,0.11573345225073295,0.0,0.09447619047619049,0.0
MUTAG,edges,1.0,graph2vec,16,1,0.8879215121269226,0.45939749479293823,0.0,0.0,0.025654540698736072,0.0,0.05320634920634926,0.0
MUTAG,attrs,0.25,graph2vec,16,1,1.0,0.0,0.0,0.0,0.0,0.0,0.0,0.0
MUTAG,attrs,0.5,graph2vec,16,1,1.0,0.0,0.0,0.0,0.0,0.0,0.0,0.0
MUTAG,attrs,0.75,graph2vec,16,1,1.0,0.0,0.0,0.0,0.0,0.0,0.0,0.0
MUTAG,attrs,1.0,graph2vec,16,1,1.0,0.0,0.0,0.0,0.0,0.0,0.0,0.0
MUTAG,edges,0.25,graph2vec,32,1,0.9634920358657837,0.2176058292388916,0.010638297872340385,0.0,0.012782593914669405,0.0,0.03314285714285714,0.0
MUTAG,edges,0.5,graph2vec,32,1,0.9397183656692505,0.24205638468265533,0.015957446808510634,0.0,0.027814863896701736,0.0,0.03936507936507938,0.0
MUTAG,edges,0.75,graph2vec,32,1,0.9247073531150818,0.2623886466026306,0.015957446808510634,0.0,0.020496764836387515,0.0,0.05180952380952375,0.0
MUTAG,edges,1.0,graph2vec,32,1,0.8875003457069397,0.45914825797080994,0.015957446808510634,0.0,0.02548889913886654,0.0,0.05358730158730152,0.0
MUTAG,attrs,0.25,graph2vec,32,1,1.0,0.0,0.0,0.0,0.0,0.0,0.0,0.0
MUTAG,attrs,0.5,graph2vec,32,1,1.0,0.0,0.0,0.0,0.0,0.0,0.0,0.0
MUTAG,attrs,0.75,graph2vec,32,1,1.0,0.0,0.0,0.0,0.0,0.0,0.0,0.0
MUTAG,attrs,1.0,graph2vec,32,1,1.0,0.0,0.0,0.0,0.0,0.0,0.0,0.0
MUTAG,edges,0.25,graph2vec,64,1,0.9516087174415588,0.2243434190750122,0.015957446808510634,0.0,0.02143847272264532,0.0,0.017269841269841213,0.0
MUTAG,edges,0.5,graph2vec,64,1,0.9305355548858643,0.24454627931118011,0.04255319148936165,0.0,0.0530165025717203,0.0,0.045841269841269794,0.0
MUTAG,edges,0.75,graph2vec,64,1,0.9382705688476562,0.2314326912164688,0.04255319148936165,0.0,0.055663520789494325,0.0,0.05053968253968244,0.0
MUTAG,edges,1.0,graph2vec,64,1,0.9068478345870972,0.42146748304367065,0.037234042553191404,0.0,0.04613956324951429,0.0,0.033015873015873054,0.0
MUTAG,attrs,0.25,graph2vec,64,1,1.0,0.0,0.0,0.0,0.0,0.0,0.0,0.0
MUTAG,attrs,0.5,graph2vec,64,1,1.0,0.0,0.0,0.0,0.0,0.0,0.0,0.0
MUTAG,attrs,0.75,graph2vec,64,1,1.0,0.0,0.0,0.0,0.0,0.0,0.0,0.0
MUTAG,attrs,1.0,graph2vec,64,1,1.0,0.0,0.0,0.0,0.0,0.0,0.0,0.0
MUTAG,edges,0.25,graph2vec,128,1,0.9405845999717712,0.22143737971782684,0.0,0.0,0.0,0.0,0.0,0.0
MUTAG,edges,0.5,graph2vec,128,1,0.9262121319770813,0.22008036077022552,0.0,0.0,0.0,0.0,0.0,0.0
MUTAG,edges,0.75,graph2vec,128,1,0.9428371787071228,0.2001127451658249,0.0,0.0,0.0,0.0,0.0,0.0
MUTAG,edges,1.0,graph2vec,128,1,0.9079383015632629,0.404295951128006,0.0,0.0,0.0,0.0,0.0,0.0
MUTAG,attrs,0.25,graph2vec,128,1,1.0,0.0,0.0,0.0,0.0,0.0,0.0,0.0
MUTAG,attrs,0.5,graph2vec,128,1,1.0,0.0,0.0,0.0,0.0,0.0,0.0,0.0
MUTAG,attrs,0.75,graph2vec,128,1,1.0,0.0,0.0,0.0,0.0,0.0,0.0,0.0
MUTAG,attrs,1.0,graph2vec,128,1,1.0,0.0,0.0,0.0,0.0,0.0,0.0,0.0
MUTAG,edges,0.25,graph2vec,256,1,0.9519588947296143,0.1889471858739853,0.0,0.0,0.0,0.0,0.0,0.0
MUTAG,edges,0.5,graph2vec,256,1,0.928203821182251,0.19355952739715576,0.0,0.0,0.0,0.0,0.0,0.0
MUTAG,edges,0.75,graph2vec,256,1,0.9450363516807556,0.17491109669208527,0.0,0.0,0.0,0.0,0.0,0.0
MUTAG,edges,1.0,graph2vec,256,1,0.8942772150039673,0.4110065996646881,0.0,0.0,0.0,0.0,0.0,0.0
MUTAG,attrs,0.25,graph2vec,256,1,1.0,0.0,0.0,0.0,0.0,0.0,0.0,0.0
MUTAG,attrs,0.5,graph2vec,256,1,1.0,0.0,0.0,0.0,0.0,0.0,0.0,0.0
MUTAG,attrs,0.75,graph2vec,256,1,1.0,0.0,0.0,0.0,0.0,0.0,0.0,0.0
MUTAG,attrs,1.0,graph2vec,256,1,1.0,0.0,0.0,0.0,0.0,0.0,0.0,0.0
MUTAG,edges,0.25,netlsd,16,1,0.939278386691845,6.219607376554159,-0.0585106382978724,0.015957446808510634,-0.06599900313665608,0.018566067548884013,-0.01949206349206345,0.0013333333333332975
MUTAG,edges,0.5,netlsd,16,1,0.9352155103711635,6.5367219319889065,-0.0478723404255319,0.010638297872340385,-0.052961496736246394,0.01213372918549116,-0.03155555555555556,0.0012698412698413097
MUTAG,edges,0.75,netlsd,16,1,0.9360988613186483,6.170146027516653,-0.0585106382978724,0.0,-0.06993898329538628,0.0008669133629251036,-0.04596825396825388,-6.349206349198777e-05
MUTAG,edges,1.0,netlsd,16,1,0.9836035859482926,6.581175802148061,-0.021276595744680882,-0.06914893617021278,-0.024673005539742165,-0.07936611109852565,-0.010603174603174614,-0.026984126984127
MUTAG,attrs,0.25,netlsd,16,1,1.0,0.0,0.0,0.0,0.0,0.0,0.0,0.0
MUTAG,attrs,0.5,netlsd,16,1,1.0,0.0,0.0,0.0,0.0,0.0,0.0,0.0
MUTAG,attrs,0.75,netlsd,16,1,1.0,0.0,0.0,0.0,0.0,0.0,0.0,0.0
MUTAG,attrs,1.0,netlsd,16,1,1.0,0.0,0.0,0.0,0.0,0.0,0.0,0.0
MUTAG,edges,0.25,netlsd,32,1,0.9392783866918456,6.21960737655435,-0.02659574468085113,0.005319148936170248,-0.029062166719722393,0.00614348266482212,-0.01447619047619042,0.0003809523809523707
MUTAG,edges,0.5,netlsd,32,1,0.9352155103711625,6.53672193198904,-0.042553191489361764,-0.005319148936170137,-0.045645205532214295,-0.005457741641666791,-0.02863492063492068,-0.0003174603174602719
MUTAG,edges,0.75,netlsd,32,1,0.9360988613186392,6.170146027516899,-0.07446808510638303,-0.005319148936170137,-0.08237222806165623,-0.005457741641666791,-0.04361904761904767,-0.0009523809523809268
MUTAG,edges,1.0,netlsd,32,1,0.983603585948292,6.5811758021480955,-0.03191489361702127,-0.07446808510638292,-0.03462619631562447,-0.08493610429843812,-0.016380952380952274,-0.027111111111111086
MUTAG,attrs,0.25,netlsd,32,1,1.0,0.0,0.0,0.0,0.0,0.0,0.0,0.0
MUTAG,attrs,0.5,netlsd,32,1,1.0,0.0,0.0,0.0,0.0,0.0,0.0,0.0
MUTAG,attrs,0.75,netlsd,32,1,1.0,0.0,0.0,0.0,0.0,0.0,0.0,0.0
MUTAG,attrs,1.0,netlsd,32,1,1.0,0.0,0.0,0.0,0.0,0.0,0.0,0.0
MUTAG,edges,0.25,netlsd,64,1,0.9392783866918456,6.21960737655435,-0.010638297872340496,0.0,-0.011840245775729619,0.0,0.0,0.0
MUTAG,edges,0.5,netlsd,64,1,0.9352155103711625,6.53672193198904,-0.010638297872340496,-0.005319148936170248,-0.012032770097286205,-0.005943325520243681,-0.0008253968253967292,-0.00019047619047618536
MUTAG,edges,0.75,netlsd,64,1,0.9360988613186392,6.170146027516899,-0.042553191489361764,-0.010638297872340496,-0.04719102022529442,-0.011840245775729619,-0.004761904761904745,-0.0009523809523809268
MUTAG,edges,1.0,netlsd,64,1,0.983603585948292,6.5811758021480955,-0.06914893617021278,-0.06914893617021278,-0.07784770799036322,-0.07784770799036322,-0.018476190476190424,-0.01828571428571435
MUTAG,attrs,0.25,netlsd,64,1,1.0,0.0,0.0,0.0,0.0,0.0,0.0,0.0
MUTAG,attrs,0.5,netlsd,64,1,1.0,0.0,0.0,0.0,0.0,0.0,0.0,0.0
MUTAG,attrs,0.75,netlsd,64,1,1.0,0.0,0.0,0.0,0.0,0.0,0.0,0.0
MUTAG,attrs,1.0,netlsd,64,1,1.0,0.0,0.0,0.0,0.0,0.0,0.0,0.0
MUTAG,edges,0.25,netlsd,128,1,0.9392783866918456,6.21960737655435,0.0,0.0,0.0,0.0,-0.0001269841269841976,0.0
MUTAG,edges,0.5,netlsd,128,1,0.9352155103711625,6.53672193198904,-0.005319148936170248,-0.005319148936170248,-0.005943325520243681,-0.006091205608873995,-0.0005079365079365683,-0.0005079365079364573
MUTAG,edges,0.75,netlsd,128,1,0.9360988613186392,6.170146027516899,-0.010638297872340496,-0.010638297872340496,-0.012032770097286205,-0.012032770097286205,-0.0011428571428572232,-0.0010793650793651244
MUTAG,edges,1.0,netlsd,128,1,0.983603585948292,6.5811758021480955,-0.021276595744680882,-0.021276595744680882,-0.024368417459187275,-0.024368417459187275,-0.005587301587301585,-0.005333333333333301
MUTAG,attrs,0.25,netlsd,128,1,1.0,0.0,0.0,0.0,0.0,0.0,0.0,0.0
MUTAG,attrs,0.5,netlsd,128,1,1.0,0.0,0.0,0.0,0.0,0.0,0.0,0.0
MUTAG,attrs,0.75,netlsd,128,1,1.0,0.0,0.0,0.0,0.0,0.0,0.0,0.0
MUTAG,attrs,1.0,netlsd,128,1,1.0,0.0,0.0,0.0,0.0,0.0,0.0,0.0
MUTAG,edges,0.25,netlsd,256,1,0.9978965857879214,9.412229623935291,0.005319148936170137,-0.03191489361702127,0.00019244990270839146,-0.0401461470104556,0.00330158730158725,-0.00825396825396818
MUTAG,edges,0.5,netlsd,256,1,0.9968389879836465,11.983204642664058,0.0,-0.021276595744680882,-0.0038087481194002404,-0.02708137735703109,-6.34920634920988e-05,-0.000571428571428445
MUTAG,edges,0.75,netlsd,256,1,0.996953449456061,12.325749127997383,-0.005319148936170248,-0.04255319148936165,-0.010565175360834456,-0.0512466782985781,-0.02361904761904765,-0.010539682539682516
MUTAG,edges,1.0,netlsd,256,1,0.993135404297776,22.264805476512034,-0.010638297872340496,-0.058510638297872286,-0.022335478841252865,-0.06761694359355164,-0.0006349206349206549,-0.03466666666666662
MUTAG,attrs,0.25,netlsd,256,1,1.0,0.0,0.0,0.0,0.0,0.0,0.0,0.0
MUTAG,attrs,0.5,netlsd,256,1,1.0,0.0,0.0,0.0,0.0,0.0,0.0,0.0
MUTAG,attrs,0.75,netlsd,256,1,1.0,0.0,0.0,0.0,0.0,0.0,0.0,0.0
MUTAG,attrs,1.0,netlsd,256,1,1.0,0.0,0.0,0.0,0.0,0.0,0.0,0.0
MUTAG,edges,0.25,gin,16,1,0.9649931788444519,0.36638250946998596,0.042553191489361764,0.015957446808510634,0.043023017055804025,0.010411847284479525,0.0007619047619046304,-0.005968253968253956
MUTAG,edges,0.5,gin,16,1,0.9343764185905457,0.5187384486198425,-0.09042553191489355,0.0,-0.12183322149158893,-0.008494826894099083,-0.09492063492063496,-0.011873015873015924
MUTAG,edges,0.75,gin,16,1,0.8395903706550598,0.8108202219009399,-0.037234042553191404,0.0478723404255319,-0.0773583146653336,0.048588026081802016,-0.04634920634920636,0.02730158730158727
MUTAG,edges,1.0,gin,16,1,0.8944500684738159,0.6196197867393494,0.021276595744680882,-0.005319148936170248,0.020617999134657117,-0.011094513600737654,-0.042476190476190445,-0.018349206349206337
MUTAG,attrs,0.25,gin,16,1,0.9720173478126526,0.32672932744026184,-0.037234042553191404,-0.015957446808510634,-0.031215326975643443,-0.014685581666382008,-0.03568253968253965,-0.013079365079365135
MUTAG,attrs,0.5,gin,16,1,0.9801714420318604,0.2591184675693512,-0.04255319148936165,-0.037234042553191515,-0.05458681397338183,-0.04385832431576786,-0.042539682539682544,-0.03403174603174608
MUTAG,attrs,0.75,gin,16,1,0.9678329825401306,0.36294132471084595,-0.03191489361702127,0.02659574468085102,-0.04053253849975158,0.024715010208786192,-0.05307936507936517,0.0016507936507936805
MUTAG,attrs,1.0,gin,16,1,0.967872142791748,0.32516908645629883,-0.06914893617021267,-0.06382978723404265,-0.08117283195704528,-0.0693407100046104,-0.08241269841269838,-0.03936507936507938
MUTAG,edges,0.25,gin,32,1,0.9413196444511414,1.0474858283996582,0.0,0.042553191489361764,-0.0012687804894642163,0.04732536067033766,-0.02069841269841277,0.013841269841269876
MUTAG,edges,0.5,gin,32,1,0.8818932175636292,1.3937530517578125,-0.02659574468085113,0.05319148936170215,-0.03200824148827486,0.059450400025298,-0.027492063492063568,0.01200000000000001
MUTAG,edges,0.75,gin,32,1,0.7697024345397949,1.9908456802368164,0.010638297872340385,0.0478723404255319,-0.0009792984150130968,0.05341250415987164,-0.04215873015873017,0.014984126984126878
MUTAG,edges,1.0,gin,32,1,0.816422700881958,2.1057164669036865,-0.005319148936170248,-0.021276595744680882,-0.007942701293702448,-0.026295747184743368,-0.041714285714285704,-0.00996825396825396
MUTAG,attrs,0.25,gin,32,1,0.9736006855964661,0.6515811085700989,-0.015957446808510634,0.03191489361702127,-0.015844145072408167,0.03567024001517882,-0.022476190476190427,0.010158730158730145
MUTAG,attrs,0.5,gin,32,1,0.9640814661979675,0.6593286395072937,0.0,0.03191489361702127,-0.0025997012871372682,0.03499624338518026,-0.037079365079365156,0.008126984126984094
MUTAG,attrs,0.75,gin,32,1,0.9274278283119202,1.05767822265625,-0.010638297872340496,0.015957446808510634,-0.01325284423448414,0.01806172971030684,-0.03936507936507938,0.006349206349206438
MUTAG,attrs,1.0,gin,32,1,0.9497741460800171,0.8677667379379272,-0.11702127659574468,-0.010638297872340385,-0.13550885646564548,-0.012594958054761962,-0.07860317460317467,0.0
MUTAG,edges,0.25,gin,64,1,0.9384994506835938,1.1600477695465088,-0.03191489361702127,0.02659574468085113,-0.0422562573416464,0.028796078376231105,-0.010031746031745947,0.00990476190476186
MUTAG,edges,0.5,gin,64,1,0.862531304359436,1.927262306213379,-0.015957446808510634,0.0585106382978724,-0.02773926691299089,0.06446631839140982,0.003619047619047633,0.015301587301587372
MUTAG,edges,0.75,gin,64,1,0.8102326989173889,2.087418556213379,-0.03191489361702127,0.03191489361702138,-0.05662374402497328,0.03376652165703464,-0.026031746031746072,0.01117460317460317
MUTAG,edges,1.0,gin,64,1,0.8155449628829956,2.3855843544006348,-0.02659574468085113,0.010638297872340496,-0.035533630185141885,0.01123289001190253,0.006031746031745944,0.006031746031745944
MUTAG,attrs,0.25,gin,64,1,0.96847003698349,0.752758264541626,-0.0478723404255319,0.010638297872340496,-0.05245165839503163,0.01010481781528183,-0.010666666666666713,0.0027936507936506816
MUTAG,attrs,0.5,gin,64,1,0.951461136341095,0.7749555706977844,-0.09042553191489366,0.021276595744680882,-0.09717380095610917,0.0226188987164595,-0.037460317460317416,0.010666666666666713
MUTAG,attrs,0.75,gin,64,1,0.9332207441329956,1.1141704320907593,-0.0478723404255319,0.037234042553191515,-0.06112843865011541,0.04068615838129064,-0.02323809523809528,0.01244444444444448
MUTAG,attrs,1.0,gin,64,1,0.9328600168228149,1.1765382289886475,-0.02659574468085113,0.04787234042553201,-0.032872260098842254,0.05234127903644947,-0.0002539682539683952,0.0162539682539683
MUTAG,edges,0.25,gin,128,1,0.8908547163009644,2.31712007522583,-0.05319148936170204,0.021276595744680882,-0.059727659501815245,0.023597766257040464,-0.04926984126984135,0.0015238095238094829
MUTAG,edges,0.5,gin,128,1,0.7923251390457153,3.1050121784210205,-0.0478723404255319,0.015957446808510634,-0.05953520959910685,0.017833492722877042,-0.03231746031746041,0.0003174603174602719
MUTAG,edges,0.75,gin,128,1,0.7774617671966553,3.444141149520874,-0.07978723404255317,0.015957446808510634,-0.10602554766016858,0.01755817857601849,-0.0661587301587303,0.0007619047619046304
MUTAG,edges,1.0,gin,128,1,0.7653518319129944,3.4057040214538574,-0.005319148936170137,-0.1063829787234043,-0.008715557141349528,-0.126534691323693,-0.007809523809523822,-0.06838095238095243
MUTAG,attrs,0.25,gin,128,1,0.9103129506111145,2.129544734954834,-0.037234042553191404,0.02659574468085102,-0.041508806378343754,0.029589234191018554,-0.01777777777777778,0.0016507936507935694
MUTAG,attrs,0.5,gin,128,1,0.9122402667999268,1.9680542945861816,-0.03191489361702127,0.02659574468085102,-0.03421189455996576,0.029542242321038414,-0.02069841269841277,0.0016507936507935694
MUTAG,attrs,0.75,gin,128,1,0.862287700176239,2.564253568649292,-0.02127659574468077,0.03191489361702127,-0.02625329558848266,0.035534274193548376,-0.01041269841269854,0.0016507936507935694
MUTAG,attrs,1.0,gin,128,1,0.8696980476379395,2.8974831104278564,-0.04255319148936165,0.015957446808510634,-0.05145375715044198,0.01755817857601849,-0.025396825396825418,0.0011428571428571122
MUTAG,edges,0.25,gin,256,1,0.7651986479759216,2.5086677074432373,0.005319148936170137,0.010638297872340385,0.0004782864485988192,0.011844758064516125,-0.006857142857142784,0.0007619047619047414
MUTAG,edges,0.5,gin,256,1,0.5950576066970825,3.6339261531829834,-0.02659574468085113,0.005319148936170137,-0.04071372261097039,0.005899718061986303,-0.04349206349206347,0.0006984126984127537
MUTAG,edges,0.75,gin,256,1,0.603473961353302,3.232710838317871,0.0,-0.005319148936170248,-0.011690867069880095,-0.005990361943073341,-0.014984126984126989,0.00025396825396817313
MUTAG,edges,1.0,gin,256,1,0.6078703999519348,3.8077075481414795,0.02127659574468077,-0.02659574468085113,0.017140836812103544,-0.030099465043053608,-0.0019682539682538414,-0.0033650793650794597
MUTAG,attrs,0.25,gin,256,1,0.7201961874961853,2.6115167140960693,0.0,0.005319148936170137,-0.004062104481020956,0.0058527261920061635,-0.011047619047618973,0.0006349206349206549
MUTAG,attrs,0.5,gin,256,1,0.7934078574180603,2.715874433517456,0.010638297872340385,0.010638297872340385,0.006887605765611982,0.011844758064516125,-0.0013968253968252853,0.0007619047619047414
MUTAG,attrs,0.75,gin,256,1,0.690467894077301,2.160761594772339,0.005319148936170137,0.010638297872340385,0.0004782864485988192,0.011844758064516125,-0.014730158730158593,0.0007619047619047414
MUTAG,attrs,1.0,gin,256,1,0.7052931189537048,2.5964083671569824,0.005319148936170137,0.005319148936170137,-0.0025524675196550994,0.005899718061986303,-0.007492063492063328,0.0006349206349206549
MUTAG,edges,0.25,graph2vec,16,2,0.9069197773933411,0.3181571662425995,0.07446808510638292,0.0,0.1064024846579853,0.0,0.11225396825396827,0.0
MUTAG,edges,0.5,graph2vec,16,2,0.9087315797805786,0.3262485861778259,0.11702127659574468,0.0,0.15675737952875002,0.0,0.11568253968253972,0.0
MUTAG,edges,0.75,graph2vec,16,2,0.9023482799530029,0.3301578164100647,0.05319148936170204,0.0,0.07573177596397407,0.0,0.11111111111111116,0.0
MUTAG,edges,1.0,graph2vec,16,2,0.940538763999939,0.4072253406047821,0.07978723404255317,0.0,0.11814161462250261,0.0,0.13968253968253974,0.0
MUTAG,attrs,0.25,graph2vec,16,2,1.0,0.0,0.0,0.0,0.0,0.0,0.0,0.0
MUTAG,attrs,0.5,graph2vec,16,2,1.0,0.0,0.0,0.0,0.0,0.0,0.0,0.0
MUTAG,attrs,0.75,graph2vec,16,2,1.0,0.0,0.0,0.0,0.0,0.0,0.0,0.0
MUTAG,attrs,1.0,graph2vec,16,2,1.0,0.0,0.0,0.0,0.0,0.0,0.0,0.0
MUTAG,edges,0.25,graph2vec,32,2,0.951377809047699,0.24005098640918732,0.08510638297872342,0.0,0.1097991332292102,0.0,0.07720634920634906,0.0
MUTAG,edges,0.5,graph2vec,32,2,0.9435703754425049,0.2628728449344635,0.0585106382978724,0.0,0.07179396732524845,0.0,0.05053968253968244,0.0
MUTAG,edges,0.75,graph2vec,32,2,0.9270614385604858,0.2775826156139374,0.06914893617021278,0.0,0.09695377886948442,0.0,0.06298412698412692,0.0
MUTAG,edges,1.0,graph2vec,32,2,0.9528124928474426,0.3923114240169525,0.12234042553191493,0.0,0.15583893697417162,0.0,0.10349206349206341,0.0
MUTAG,attrs,0.25,graph2vec,32,2,1.0,0.0,0.0,0.0,0.0,0.0,0.0,0.0
MUTAG,attrs,0.5,graph2vec,32,2,1.0,0.0,0.0,0.0,0.0,0.0,0.0,0.0
MUTAG,attrs,0.75,graph2vec,32,2,1.0,0.0,0.0,0.0,0.0,0.0,0.0,0.0
MUTAG,attrs,1.0,graph2vec,32,2,1.0,0.0,0.0,0.0,0.0,0.0,0.0,0.0
MUTAG,edges,0.25,graph2vec,64,2,0.9011632800102234,0.26871392130851746,0.005319148936170248,0.0,0.0068769393222060105,0.0,0.05726984126984136,0.0
MUTAG,edges,0.5,graph2vec,64,2,0.8676842451095581,0.31148889660835266,0.005319148936170248,0.0,0.0068769393222060105,0.0,0.04571428571428582,0.0
MUTAG,edges,0.75,graph2vec,64,2,0.8924257755279541,0.2827857732772827,0.05319148936170215,0.0,0.06429492764635869,0.0,0.04317460317460331,0.0
MUTAG,edges,1.0,graph2vec,64,2,0.877646267414093,0.47168025374412537,0.10106382978723405,0.0,0.11861286531707882,0.0,0.09625396825396837,0.0
MUTAG,attrs,0.25,graph2vec,64,2,1.0,0.0,0.0,0.0,0.0,0.0,0.0,0.0
MUTAG,attrs,0.5,graph2vec,64,2,1.0,0.0,0.0,0.0,0.0,0.0,0.0,0.0
MUTAG,attrs,0.75,graph2vec,64,2,1.0,0.0,0.0,0.0,0.0,0.0,0.0,0.0
MUTAG,attrs,1.0,graph2vec,64,2,1.0,0.0,0.0,0.0,0.0,0.0,0.0,0.0
MUTAG,edges,0.25,graph2vec,128,2,0.9540036916732788,0.19908174872398376,0.0,0.0,0.0,0.0,0.0,0.0
MUTAG,edges,0.5,graph2vec,128,2,0.9236729145050049,0.2504904866218567,0.0,0.0,0.0,0.0,0.0,0.0
MUTAG,edges,0.75,graph2vec,128,2,0.9378976821899414,0.222195565700531,0.0,0.0,0.0,0.0,0.0,0.0
MUTAG,edges,1.0,graph2vec,128,2,0.9344087839126587,0.4261561334133148,0.0,0.0,0.0,0.0,0.0,0.0
MUTAG,attrs,0.25,graph2vec,128,2,1.0,0.0,0.0,0.0,0.0,0.0,0.0,0.0
MUTAG,attrs,0.5,graph2vec,128,2,1.0,0.0,0.0,0.0,0.0,0.0,0.0,0.0
MUTAG,attrs,0.75,graph2vec,128,2,1.0,0.0,0.0,0.0,0.0,0.0,0.0,0.0
MUTAG,attrs,1.0,graph2vec,128,2,1.0,0.0,0.0,0.0,0.0,0.0,0.0,0.0
MUTAG,edges,0.25,graph2vec,256,2,0.9434415102005005,0.18504264950752258,0.0,0.0,0.0,0.0,0.0,0.0
MUTAG,edges,0.5,graph2vec,256,2,0.9104746580123901,0.23051609098911285,0.0,0.0,0.0,0.0,0.0,0.0
MUTAG,edges,0.75,graph2vec,256,2,0.9307186007499695,0.19818541407585144,0.0,0.0,0.0,0.0,0.0,0.0
MUTAG,edges,1.0,graph2vec,256,2,0.922162652015686,0.4365893304347992,0.0,0.0,0.0,0.0,0.0,0.0
MUTAG,attrs,0.25,graph2vec,256,2,1.0,0.0,0.0,0.0,0.0,0.0,0.0,0.0
MUTAG,attrs,0.5,graph2vec,256,2,1.0,0.0,0.0,0.0,0.0,0.0,0.0,0.0
MUTAG,attrs,0.75,graph2vec,256,2,1.0,0.0,0.0,0.0,0.0,0.0,0.0,0.0
MUTAG,attrs,1.0,graph2vec,256,2,1.0,0.0,0.0,0.0,0.0,0.0,0.0,0.0
MUTAG,edges,0.25,netlsd,16,2,0.9459386338924619,6.212849024297331,-0.07446808510638303,0.015957446808510634,-0.0860228317882683,0.018566067548884013,-0.04342857142857137,0.0017142857142857792
MUTAG,edges,0.5,netlsd,16,2,0.9380475712142956,6.557787081713289,-0.07978723404255317,0.015957446808510634,-0.08987201900967201,0.01827721185031328,-0.06285714285714272,0.0013968253968253963
MUTAG,edges,0.75,netlsd,16,2,0.92692526462029,6.114586353524451,-0.06914893617021278,0.015957446808510634,-0.08069660855892913,0.01827721185031328,-0.05155555555555558,0.001777777777777767
MUTAG,edges,1.0,netlsd,16,2,0.9031993253750594,7.285989901541809,-0.03191489361702127,-0.06914893617021278,-0.03769222990517451,-0.0774474180212158,-0.014031746031746062,-0.026984126984127
MUTAG,attrs,0.25,netlsd,16,2,1.0,0.0,0.0,0.0,0.0,0.0,0.0,0.0
MUTAG,attrs,0.5,netlsd,16,2,1.0,0.0,0.0,0.0,0.0,0.0,0.0,0.0
MUTAG,attrs,0.75,netlsd,16,2,1.0,0.0,0.0,0.0,0.0,0.0,0.0,0.0
MUTAG,attrs,1.0,netlsd,16,2,1.0,0.0,0.0,0.0,0.0,0.0,0.0,0.0
MUTAG,edges,0.25,netlsd,32,2,0.9459386338924581,6.212849024297737,-0.07446808510638303,0.005319148936170248,-0.08237222806165623,0.006432338363392853,-0.0323809523809524,0.0001269841269841976
MUTAG,edges,0.5,netlsd,32,2,0.9380475712142924,6.557787081713537,-0.06914893617021278,0.005319148936170248,-0.07470413714264734,0.00614348266482212,-0.03479365079365082,0.00025396825396828415
MUTAG,edges,0.75,netlsd,32,2,0.9269252646202877,6.114586353524869,-0.042553191489361764,0.010638297872340496,-0.045645205532214295,0.012234688273696115,-0.03809523809523807,0.00025396825396828415
MUTAG,edges,1.0,netlsd,32,2,0.9031993253750595,7.285989901541905,-0.03191489361702127,-0.07446808510638292,-0.03640118755647348,-0.08493610429843812,-0.014730158730158704,-0.02571428571428558
MUTAG,attrs,0.25,netlsd,32,2,1.0,0.0,0.0,0.0,0.0,0.0,0.0,0.0
MUTAG,attrs,0.5,netlsd,32,2,1.0,0.0,0.0,0.0,0.0,0.0,0.0,0.0
MUTAG,attrs,0.75,netlsd,32,2,1.0,0.0,0.0,0.0,0.0,0.0,0.0,0.0
MUTAG,attrs,1.0,netlsd,32,2,1.0,0.0,0.0,0.0,0.0,0.0,0.0,0.0
MUTAG,edges,0.25,netlsd,64,2,0.9459386338924581,6.212849024297737,-0.015957446808510634,0.0,-0.017692429915362906,0.0,-0.0016507936507935694,0.00012698412698408656
MUTAG,edges,0.5,netlsd,64,2,0.9380475712142924,6.557787081713537,-0.021276595744680882,0.0,-0.02350150409626217,0.0,-0.002666666666666706,0.0
MUTAG,edges,0.75,netlsd,64,2,0.9269252646202877,6.114586353524869,0.0,0.0,0.0,0.0,0.00038095238095248174,0.00012698412698408656
MUTAG,edges,1.0,netlsd,64,2,0.9031993253750595,7.285989901541905,-0.06914893617021278,-0.06914893617021278,-0.0771428299406609,-0.07784770799036322,-0.018031746031745954,-0.018539682539682634
MUTAG,attrs,0.25,netlsd,64,2,1.0,0.0,0.0,0.0,0.0,0.0,0.0,0.0
MUTAG,attrs,0.5,netlsd,64,2,1.0,0.0,0.0,0.0,0.0,0.0,0.0,0.0
MUTAG,attrs,0.75,netlsd,64,2,1.0,0.0,0.0,0.0,0.0,0.0,0.0,0.0
MUTAG,attrs,1.0,netlsd,64,2,1.0,0.0,0.0,0.0,0.0,0.0,0.0,0.0
MUTAG,edges,0.25,netlsd,128,2,0.9459386338924581,6.212849024297737,0.0,0.0,0.0,0.0,-0.0001269841269841976,-0.00012698412698408656
MUTAG,edges,0.5,netlsd,128,2,0.9380475712142924,6.557787081713537,0.0,0.0,0.0,0.0,-0.00025396825396828415,-0.00025396825396828415
MUTAG,edges,0.75,netlsd,128,2,0.9269252646202877,6.114586353524869,0.0,0.0,0.0,0.0,0.0,0.0
MUTAG,edges,1.0,netlsd,128,2,0.9031993253750595,7.285989901541905,-0.021276595744680882,-0.021276595744680882,-0.024368417459187275,-0.024368417459187275,-0.003555555555555645,-0.003555555555555534
MUTAG,attrs,0.25,netlsd,128,2,1.0,0.0,0.0,0.0,0.0,0.0,0.0,0.0
MUTAG,attrs,0.5,netlsd,128,2,1.0,0.0,0.0,0.0,0.0,0.0,0.0,0.0
MUTAG,attrs,0.75,netlsd,128,2,1.0,0.0,0.0,0.0,0.0,0.0,0.0,0.0
MUTAG,attrs,1.0,netlsd,128,2,1.0,0.0,0.0,0.0,0.0,0.0,0.0,0.0
MUTAG,edges,0.25,netlsd,256,2,0.9978769225170364,9.89442793351366,0.0,-0.0478723404255319,-0.0038087481194002404,-0.05665230726286907,-0.010920634920635108,-0.01409523809523816
MUTAG,edges,0.5,netlsd,256,2,0.9973765113896601,11.55445732508524,-0.010638297872340496,-0.03191489361702127,-0.01739042260579904,-0.03640905762228197,-0.027047619047619098,-0.029714285714285693
MUTAG,edges,0.75,netlsd,256,2,0.997789606230138,9.64269986155946,-0.015957446808510634,0.0,-0.021184518223251625,-0.002391129750695553,-0.02273015873015871,0.0019047619047618536
MUTAG,edges,1.0,netlsd,256,2,0.9958321579927115,12.067212052718501,0.005319148936170137,-0.037234042553191404,-0.001250055188606769,-0.04099281915940245,-0.00952380952380949,-0.025396825396825418
MUTAG,attrs,0.25,netlsd,256,2,1.0,0.0,0.0,0.0,0.0,0.0,0.0,0.0
MUTAG,attrs,0.5,netlsd,256,2,1.0,0.0,0.0,0.0,0.0,0.0,0.0,0.0
MUTAG,attrs,0.75,netlsd,256,2,1.0,0.0,0.0,0.0,0.0,0.0,0.0,0.0
MUTAG,attrs,1.0,netlsd,256,2,1.0,0.0,0.0,0.0,0.0,0.0,0.0,0.0
MUTAG,edges,0.25,gin,16,2,0.9936006665229797,0.22889570891857147,-0.06382978723404253,-0.05319148936170215,-0.08061576133087678,-0.0637758751128461,-0.10298412698412684,-0.0269206349206349
MUTAG,edges,0.5,gin,16,2,0.9899717569351196,0.28652507066726685,-0.06382978723404253,-0.042553191489361764,-0.09401834504293516,-0.04888312852022536,-0.11377777777777764,-0.023746031746031848
MUTAG,edges,0.75,gin,16,2,0.9773963689804077,0.46103423833847046,-0.015957446808510634,-0.04787234042553201,-0.033290781335611364,-0.05620223495956633,-0.07707936507936497,-0.02488888888888896
MUTAG,edges,1.0,gin,16,2,0.8538844585418701,0.8400893807411194,-0.05319148936170215,-0.11702127659574468,-0.08733324600708992,-0.13787914669345303,-0.09466666666666645,-0.07765079365079364
MUTAG,attrs,0.25,gin,16,2,0.9992946982383728,0.08125340938568115,-0.021276595744680882,-0.005319148936170248,-0.023348236462990557,-0.006126327764703676,-0.03555555555555545,0.00025396825396828415
MUTAG,attrs,0.5,gin,16,2,0.9983370304107666,0.1342165470123291,-0.06914893617021278,-0.05319148936170215,-0.08548227612775705,-0.06277721774193545,-0.0820317460317459,-0.019682539682539635
MUTAG,attrs,0.75,gin,16,2,0.9958314299583435,0.17998407781124115,-0.06914893617021278,-0.015957446808510634,-0.09592613032778197,-0.01964414064746134,-0.10146031746031736,-0.017650793650793695
MUTAG,attrs,1.0,gin,16,2,0.9932655096054077,0.22791054844856262,-0.07446808510638303,-0.037234042553191515,-0.10673479525938545,-0.044829057203401024,-0.10755555555555552,-0.026031746031746072
MUTAG,edges,0.25,gin,32,2,0.9459955096244812,1.1007483005523682,-0.02127659574468077,0.06382978723404253,-0.05441994484644208,0.06857899852676308,-0.018920634920634893,0.039238095238095294
MUTAG,edges,0.5,gin,32,2,0.9318307042121887,1.1318477392196655,-0.015957446808510634,0.015957446808510634,-0.03937003505969028,0.013453388150403534,-0.04355555555555557,0.02031746031746029
MUTAG,edges,0.75,gin,32,2,0.8902909159660339,1.517626166343689,-0.005319148936170137,0.010638297872340385,-0.02285537469476251,0.006941954416701979,-0.03060317460317452,0.009269841269841095
MUTAG,edges,1.0,gin,32,2,0.8393646478652954,1.8900701999664307,0.037234042553191515,0.02659574468085102,0.02431723393771834,0.026967666078777208,0.011619047619047751,0.026984126984126888
MUTAG,attrs,0.25,gin,32,2,0.9661303758621216,0.5772843956947327,0.015957446808510745,0.015957446808510634,0.009285069647759103,0.017763877857349897,-0.012698412698412653,0.016634920634920558
MUTAG,attrs,0.5,gin,32,2,0.9291179776191711,0.9930126667022705,0.010638297872340496,0.037234042553191515,0.005472601370463237,0.04047851224536103,-0.001777777777777767,0.020190476190476203
MUTAG,attrs,0.75,gin,32,2,0.930309534072876,1.1501893997192383,0.021276595744680882,-0.005319148936170248,0.0011666274134929377,-0.010814070220578786,0.00012698412698408656,0.014984126984126878
MUTAG,attrs,1.0,gin,32,2,0.8840236067771912,1.2341179847717285,-0.010638297872340385,0.0585106382978724,-0.029965876436781613,0.06156488830099949,-0.028698412698412668,0.03568253968253965
MUTAG,edges,0.25,gin,64,2,0.8939321041107178,1.6894830465316772,-0.04255319148936165,0.03191489361702127,-0.06940246593570065,0.03562324814519868,-0.016000000000000125,0.006730158730158697
MUTAG,edges,0.5,gin,64,2,0.7714399099349976,2.6279807090759277,-0.021276595744680882,0.010638297872340496,-0.036721611699460976,0.01140865384077494,-0.016888888888888953,0.00457142857142856
MUTAG,edges,0.75,gin,64,2,0.8326761722564697,2.0462231636047363,-0.04255319148936165,0.021276595744680882,-0.06012934163735051,0.023491304311548444,-0.033015873015873054,0.0060952380952379315
MUTAG,edges,1.0,gin,64,2,0.7926166653633118,2.1398324966430664,-0.021276595744680882,-0.03191489361702127,-0.03482566385546004,-0.03628113432492086,-0.01873015873015893,-0.00793650793650802
MUTAG,attrs,0.25,gin,64,2,0.9299564957618713,1.2944860458374023,-0.010638297872340385,-0.02659574468085102,-0.005458327411483999,-0.029453268369388108,-0.011428571428571566,-0.008126984126984205
MUTAG,attrs,0.5,gin,64,2,0.8640888929367065,1.9585145711898804,-0.010638297872340385,-0.058510638297872286,-0.01315886049452386,-0.06581329141086278,-0.017904761904761868,-0.020190476190476203
MUTAG,attrs,0.75,gin,64,2,0.8249452710151672,2.446077585220337,-0.021276595744680882,-0.03191489361702127,-0.022481554153244154,-0.03628113432492086,-0.004063492063492213,-0.007238095238095266
MUTAG,attrs,1.0,gin,64,2,0.8731950521469116,1.6592075824737549,-0.0585106382978724,0.005319148936170248,-0.06978112527559577,0.005805756208184798,-0.05473015873015874,-0.0001269841269841976
MUTAG,edges,0.25,gin,128,2,0.8123369216918945,2.435912609100342,-0.015957446808510634,-0.010638297872340385,-0.0377997231885685,-0.011397505369693306,-0.055238095238095086,0.0034285714285714475
MUTAG,edges,0.5,gin,128,2,0.7372111678123474,2.7079927921295166,0.015957446808510634,-0.13297872340425532,0.004461912356649167,-0.15843097949977825,-0.00825396825396818,-0.1263492063492062
MUTAG,edges,0.75,gin,128,2,0.7835951447486877,2.5284764766693115,0.037234042553191404,-0.1436170212765958,0.03239087994078926,-0.1649017653160727,0.02069841269841277,-0.1036190476190475
MUTAG,edges,1.0,gin,128,2,0.7321416139602661,2.507422924041748,0.02659574468085102,0.005319148936170248,0.022423898287385113,0.0057593282767364196,0.01987301587301593,0.006539682539682734
MUTAG,attrs,0.25,gin,128,2,0.9191811084747314,1.7486010789871216,0.03191489361702127,0.0,0.03571307244598354,0.000403015610754176,0.01206349206349211,0.001523809523809705
MUTAG,attrs,0.5,gin,128,2,0.8770482540130615,2.125655174255371,-0.010638297872340496,-0.042553191489361764,-0.01670960934873711,-0.045383838281634836,-0.01980952380952372,-0.016380952380952385
MUTAG,attrs,0.75,gin,128,2,0.8124333024024963,2.329840898513794,-0.005319148936170248,-0.02659574468085113,-0.012812893642824452,-0.0294079464288447,0.0,-0.003936507936507794
MUTAG,attrs,1.0,gin,128,2,0.8500213623046875,1.9511349201202393,-0.010638297872340496,0.021276595744680882,-0.021209658004781584,0.02354520066021837,-0.00914285714285712,0.006857142857142895
MUTAG,edges,0.25,gin,256,2,0.7253796458244324,2.8646581172943115,-0.07978723404255317,-0.005319148936170248,-0.10484550092924616,-0.005992031872509962,-0.03619047619047622,-0.00012698412698408656
MUTAG,edges,0.5,gin,256,2,0.7066740393638611,3.42690110206604,-0.02659574468085113,-0.005319148936170248,-0.03589859763536829,-0.005992031872509962,-0.008634920634920662,0.0
MUTAG,edges,0.75,gin,256,2,0.6931679844856262,3.909264087677002,-0.021276595744680882,0.0,-0.03016524017787292,0.0,-0.01866666666666672,0.0
MUTAG,edges,1.0,gin,256,2,0.6973732709884644,2.6851511001586914,-0.037234042553191515,-0.037234042553191515,-0.04722740548511917,-0.04228927664770721,-0.006158730158730252,-0.003238095238095151
MUTAG,attrs,0.25,gin,256,2,0.9166770577430725,1.628772497177124,-0.042553191489361764,0.0,-0.048003975594404835,0.0,-0.023111111111111193,0.0
MUTAG,attrs,0.5,gin,256,2,0.816559910774231,3.602877378463745,-0.02659574468085113,-0.010638297872340385,-0.03313302116883743,-0.011936507936507912,-0.01828571428571435,-0.00012698412698408656
MUTAG,attrs,0.75,gin,256,2,0.7682688236236572,2.7222952842712402,-0.06382978723404253,0.0,-0.07863703532847688,0.0,-0.030857142857142916,0.0
MUTAG,attrs,1.0,gin,256,2,0.8027920126914978,2.2536978721618652,-0.10106382978723405,0.0,-0.12099387705429154,0.0,-0.052825396825396886,0.0
ENZYMES,edges,0.25,graph2vec,16,0,0.9516952633857727,0.3810887038707733,-0.018333333333333313,0.016666666666666607,-0.014221246623768613,0.016659001095989612,-0.017840000000000078,0.0003833333333332911
ENZYMES,edges,0.5,graph2vec,16,0,0.9419682025909424,0.41407185792922974,0.0050000000000000044,0.021666666666666612,0.007565304399964001,0.02166741797307814,-0.020130000000000092,0.0004033333333333111
ENZYMES,edges,0.75,graph2vec,16,0,0.9374674558639526,0.42948201298713684,-0.026666666666666672,0.023333333333333317,-0.02115722899776712,0.02333412630745313,-0.015313333333333401,0.0005166666666666098
ENZYMES,edges,1.0,graph2vec,16,0,0.9084118604660034,0.5542482137680054,-0.0016666666666666496,0.018333333333333313,-0.0038149973336538134,0.018333877538857735,-0.011376666666666702,0.00041333333333337663
ENZYMES,attrs,0.25,graph2vec,16,0,1.0,0.0,0.0,0.0,0.0,0.0,0.0,0.0
ENZYMES,attrs,0.5,graph2vec,16,0,1.0,0.0,0.0,0.0,0.0,0.0,0.0,0.0
ENZYMES,attrs,0.75,graph2vec,16,0,1.0,0.0,0.0,0.0,0.0,0.0,0.0,0.0
ENZYMES,attrs,1.0,graph2vec,16,0,1.0,0.0,0.0,0.0,0.0,0.0,0.0,0.0
ENZYMES,edges,0.25,graph2vec,32,0,0.928812563419342,0.4413197338581085,-0.03833333333333333,0.0,-0.03035843331386101,0.0,-0.023316666666666874,0.0
ENZYMES,edges,0.5,graph2vec,32,0,0.9208115935325623,0.46880173683166504,-0.031666666666666676,0.0,-0.026047503726255028,0.0,-0.01699666666666677,0.0
ENZYMES,edges,0.75,graph2vec,32,0,0.9021705389022827,0.5177154541015625,-0.034999999999999976,0.0,-0.02828317238306627,0.0,-0.014610000000000123,0.0
ENZYMES,edges,1.0,graph2vec,32,0,0.909946084022522,0.5447713136672974,-0.033333333333333326,0.0,-0.027716062639626782,0.0,-0.011760000000000104,0.0
ENZYMES,attrs,0.25,graph2vec,32,0,1.0,0.0,0.0,0.0,0.0,0.0,0.0,0.0
ENZYMES,attrs,0.5,graph2vec,32,0,1.0,0.0,0.0,0.0,0.0,0.0,0.0,0.0
ENZYMES,attrs,0.75,graph2vec,32,0,1.0,0.0,0.0,0.0,0.0,0.0,0.0,0.0
ENZYMES,attrs,1.0,graph2vec,32,0,1.0,0.0,0.0,0.0,0.0,0.0,0.0,0.0
ENZYMES,edges,0.25,graph2vec,64,0,0.9438649415969849,0.39752987027168274,-0.011666666666666659,0.0,-0.01116708858161819,0.0,-0.016163333333333307,0.0
ENZYMES,edges,0.5,graph2vec,64,0,0.932488203048706,0.4338429868221283,-0.031666666666666676,0.0,-0.02822227903391522,0.0,-0.018283333333333318,0.0
ENZYMES,edges,0.75,graph2vec,64,0,0.9293467998504639,0.44410115480422974,-0.043333333333333335,0.0,-0.041386858821366834,0.0,-0.023310000000000053,0.0
ENZYMES,edges,1.0,graph2vec,64,0,0.893649697303772,0.5806853175163269,-0.041666666666666685,0.0,-0.03919914423515641,0.0,-0.023499999999999965,0.0
ENZYMES,attrs,0.25,graph2vec,64,0,1.0,0.0,0.0,0.0,0.0,0.0,0.0,0.0
ENZYMES,attrs,0.5,graph2vec,64,0,1.0,0.0,0.0,0.0,0.0,0.0,0.0,0.0
ENZYMES,attrs,0.75,graph2vec,64,0,1.0,0.0,0.0,0.0,0.0,0.0,0.0,0.0
ENZYMES,attrs,1.0,graph2vec,64,0,1.0,0.0,0.0,0.0,0.0,0.0,0.0,0.0
ENZYMES,edges,0.25,graph2vec,128,0,0.9149873852729797,0.46950003504753113,-0.015000000000000013,0.0,-0.014736124120110716,0.0,-0.020043333333333413,0.0
ENZYMES,edges,0.5,graph2vec,128,0,0.8848743438720703,0.5452431440353394,-0.026666666666666616,0.0,-0.026651698465255724,0.0,-0.01697666666666675,0.0
ENZYMES,edges,0.75,graph2vec,128,0,0.8806480169296265,0.5573898553848267,-0.03499999999999992,0.0,-0.035335706468470396,0.0,-0.02780666666666698,0.0
ENZYMES,edges,1.0,graph2vec,128,0,0.8881435394287109,0.5887435674667358,-0.018333333333333313,0.0,-0.018333327965150303,0.0,-0.014990000000000059,0.0
ENZYMES,attrs,0.25,graph2vec,128,0,1.0,0.0,0.0,0.0,0.0,0.0,0.0,0.0
ENZYMES,attrs,0.5,graph2vec,128,0,1.0,0.0,0.0,0.0,0.0,0.0,0.0,0.0
ENZYMES,attrs,0.75,graph2vec,128,0,1.0,0.0,0.0,0.0,0.0,0.0,0.0,0.0
ENZYMES,attrs,1.0,graph2vec,128,0,1.0,0.0,0.0,0.0,0.0,0.0,0.0,0.0
ENZYMES,edges,0.25,graph2vec,256,0,0.920331597328186,0.45376646518707275,0.008333333333333304,0.0,0.008419279406524538,0.0,0.002103333333333346,0.0
ENZYMES,edges,0.5,graph2vec,256,0,0.886650800704956,0.5377923846244812,0.018333333333333313,0.0,0.018435738126323375,0.0,0.0044400000000001105,0.0
ENZYMES,edges,0.75,graph2vec,256,0,0.8879225850105286,0.5380160808563232,0.016666666666666607,0.0,0.01677765627023664,0.0,0.00437333333333334,0.0
ENZYMES,edges,1.0,graph2vec,256,0,0.8702667355537415,0.6240143775939941,-0.015000000000000013,0.0,-0.014975370069028715,0.0,-0.0023133333333331674,0.0
ENZYMES,attrs,0.25,graph2vec,256,0,1.0,0.0,0.0,0.0,0.0,0.0,0.0,0.0
ENZYMES,attrs,0.5,graph2vec,256,0,1.0,0.0,0.0,0.0,0.0,0.0,0.0,0.0
ENZYMES,attrs,0.75,graph2vec,256,0,1.0,0.0,0.0,0.0,0.0,0.0,0.0,0.0
ENZYMES,attrs,1.0,graph2vec,256,0,1.0,0.0,0.0,0.0,0.0,0.0,0.0,0.0
ENZYMES,edges,0.25,netlsd,16,0,0.9741054760374792,5.286211663058815,-0.08666666666666667,-0.046666666666666745,-0.08958886314899372,-0.046414692604124674,-0.042159999999999864,-0.004563333333333475
ENZYMES,edges,0.5,netlsd,16,0,0.9553646873160073,8.22742081790011,-0.09666666666666668,-0.08166666666666667,-0.0937839919774458,-0.08169225555962356,-0.04129000000000005,-0.009240000000000137
ENZYMES,edges,0.75,netlsd,16,0,0.9578099010813435,7.322335267617134,-0.09333333333333332,-0.09999999999999998,-0.10525840550809784,-0.09996163556878368,-0.0910333333333333,-0.010936666666666595
ENZYMES,edges,1.0,netlsd,16,0,0.9702325923467762,6.561972952873873,-0.10999999999999999,-0.275,-0.11039250767411879,-0.2757741324157723,-0.066805,-0.04608666666666683
ENZYMES,attrs,0.25,netlsd,16,0,1.0,0.0,0.0,0.0,0.0,0.0,0.0,0.0
ENZYMES,attrs,0.5,netlsd,16,0,1.0,0.0,0.0,0.0,0.0,0.0,0.0,0.0
ENZYMES,attrs,0.75,netlsd,16,0,1.0,0.0,0.0,0.0,0.0,0.0,0.0,0.0
ENZYMES,attrs,1.0,netlsd,16,0,1.0,0.0,0.0,0.0,0.0,0.0,0.0,0.0
ENZYMES,edges,0.25,netlsd,32,0,0.9741054760374682,5.28621166306123,-0.05666666666666664,0.0,-0.0596128764639845,0.0,-0.03817000000000004,0.0
ENZYMES,edges,0.5,netlsd,32,0,0.9553646873159979,8.22742081790142,-0.07833333333333331,0.0,-0.07439264220220787,0.0,-0.045090000000000074,0.0
ENZYMES,edges,0.75,netlsd,32,0,0.9578099010813343,7.322335267618658,-0.05666666666666664,0.0,-0.05635019590006768,0.0,-0.05797000000000008,0.0
ENZYMES,edges,1.0,netlsd,32,0,0.9702325923467655,6.561972952875641,-0.06666666666666665,-0.20166666666666666,-0.06592666558067761,-0.20211826434300528,-0.06203166666666671,-0.0164266666666667
ENZYMES,attrs,0.25,netlsd,32,0,1.0,0.0,0.0,0.0,0.0,0.0,0.0,0.0
ENZYMES,attrs,0.5,netlsd,32,0,1.0,0.0,0.0,0.0,0.0,0.0,0.0,0.0
ENZYMES,attrs,0.75,netlsd,32,0,1.0,0.0,0.0,0.0,0.0,0.0,0.0,0.0
ENZYMES,attrs,1.0,netlsd,32,0,1.0,0.0,0.0,0.0,0.0,0.0,0.0,0.0
ENZYMES,edges,0.25,netlsd,64,0,0.9741054760374682,5.286211663061222,-0.04833333333333334,0.0,-0.058256815048757904,0.0,-0.037450000000000094,0.0
ENZYMES,edges,0.5,netlsd,64,0,0.9553646873159982,8.227420817901423,-0.0566666666666667,0.0,-0.054242963323051285,0.0,-0.03511333333333333,0.0
ENZYMES,edges,0.75,netlsd,64,0,0.9578099010813348,7.322335267618655,-0.06333333333333335,0.0,-0.060647167459212226,0.0,-0.04870666666666679,0.0
ENZYMES,edges,1.0,netlsd,64,0,0.9702325923467655,6.561972952875615,-0.08333333333333337,-0.19999999999999996,-0.08205439227702443,-0.1998559561090848,-0.051191666666666635,-0.016140000000000043
ENZYMES,attrs,0.25,netlsd,64,0,1.0,0.0,0.0,0.0,0.0,0.0,0.0,0.0
ENZYMES,attrs,0.5,netlsd,64,0,1.0,0.0,0.0,0.0,0.0,0.0,0.0,0.0
ENZYMES,attrs,0.75,netlsd,64,0,1.0,0.0,0.0,0.0,0.0,0.0,0.0,0.0
ENZYMES,attrs,1.0,netlsd,64,0,1.0,0.0,0.0,0.0,0.0,0.0,0.0,0.0
ENZYMES,edges,0.25,netlsd,128,0,0.9741054760374682,5.286211663061243,-0.033333333333333326,0.0,-0.03344913484170342,0.0,-0.022710000000000008,0.0
ENZYMES,edges,0.5,netlsd,128,0,0.9553646873159981,8.227420817901411,-0.046666666666666745,0.0,-0.045763735427840735,0.0,-0.031200000000000117,0.0
ENZYMES,edges,0.75,netlsd,128,0,0.9578099010813343,7.322335267618652,-0.07500000000000007,0.0,-0.07416810319259892,0.0,-0.04319666666666666,0.0
ENZYMES,edges,1.0,netlsd,128,0,0.9702325923467655,6.561972952875658,-0.06333333333333335,-0.19999999999999996,-0.061123810448288296,-0.20176540479799687,-0.022328333333333505,-0.016163333333333196
ENZYMES,attrs,0.25,netlsd,128,0,1.0,0.0,0.0,0.0,0.0,0.0,0.0,0.0
ENZYMES,attrs,0.5,netlsd,128,0,1.0,0.0,0.0,0.0,0.0,0.0,0.0,0.0
ENZYMES,attrs,0.75,netlsd,128,0,1.0,0.0,0.0,0.0,0.0,0.0,0.0,0.0
ENZYMES,attrs,1.0,netlsd,128,0,1.0,0.0,0.0,0.0,0.0,0.0,0.0,0.0
ENZYMES,edges,0.25,netlsd,256,0,0.9995717030220745,8.298427193309168,-0.02833333333333332,-0.043333333333333335,-0.011638328599305331,-0.06213113085560945,-0.03635333333333335,-0.03099666666666656
ENZYMES,edges,0.5,netlsd,256,0,0.999475743331829,9.652657371226796,-0.03999999999999998,-0.05499999999999999,-0.055819348506398886,-0.051782777900698074,-0.05763000000000007,-0.043226666666666635
ENZYMES,edges,0.75,netlsd,256,0,0.9994323820044825,9.731151384351994,-0.07166666666666663,-0.033333333333333326,-0.08733471921227726,-0.03172760104171879,-0.07361666666666666,-0.034619999999999984
ENZYMES,edges,1.0,netlsd,256,0,0.9993956518706136,10.386711144221486,-0.04333333333333331,-0.065,-0.04681655651373948,-0.06608515974673679,-0.06115000000000004,-0.04194999999999993
ENZYMES,attrs,0.25,netlsd,256,0,1.0,0.0,0.0,0.0,0.0,0.0,0.0,0.0
ENZYMES,attrs,0.5,netlsd,256,0,1.0,0.0,0.0,0.0,0.0,0.0,0.0,0.0
ENZYMES,attrs,0.75,netlsd,256,0,1.0,0.0,0.0,0.0,0.0,0.0,0.0,0.0
ENZYMES,attrs,1.0,netlsd,256,0,1.0,0.0,0.0,0.0,0.0,0.0,0.0,0.0
ENZYMES,edges,0.25,gin,16,0,0.8083602786064148,2.2672383785247803,-0.021666666666666667,-0.0033333333333334103,-0.02337335343490987,-0.0038428474594950357,-0.019240000000000035,-0.010359999999999925
ENZYMES,edges,0.5,gin,16,0,0.7587507367134094,2.4883975982666016,-0.006666666666666654,-0.05166666666666664,-0.0034922629182352893,-0.04776082122773995,-0.003003333333333136,-0.03703666666666672
ENZYMES,edges,0.75,gin,16,0,0.7120637893676758,2.6597914695739746,-0.021666666666666667,-0.07500000000000001,-0.014253542518619655,-0.07276743533208935,-0.009179999999999855,-0.05062666666666682
ENZYMES,edges,1.0,gin,16,0,0.6655462980270386,2.842625617980957,-0.0050000000000000044,-0.026666666666666727,0.005669658089777929,-0.024184740842391528,-0.005926666666666525,-0.016666666666666607
ENZYMES,attrs,0.25,gin,16,0,0.8689062595367432,1.8917838335037231,-0.051666666666666694,-0.06666666666666665,-0.05659410770097356,-0.06879928951967251,-0.03824333333333341,-0.0516133333333334
ENZYMES,attrs,0.5,gin,16,0,0.7874484658241272,2.422785997390747,-0.05833333333333335,-0.07666666666666672,-0.05679719246848919,-0.07602628606598127,-0.03965999999999992,-0.04451999999999989
ENZYMES,attrs,0.75,gin,16,0,0.7721248269081116,2.5623881816864014,-0.04666666666666669,-0.10333333333333333,-0.04039256723146045,-0.09874244709429253,-0.04232333333333327,-0.06307666666666678
ENZYMES,attrs,1.0,gin,16,0,0.7661675810813904,2.4874634742736816,-0.023333333333333373,-0.05833333333333335,-0.014140259348119244,-0.05479288496875767,-0.03478333333333328,-0.026660000000000017
ENZYMES,edges,0.25,gin,32,0,0.8920206427574158,2.0835843086242676,-0.011666666666666714,-0.04166666666666663,-0.011418428253707535,-0.042116904709136316,-0.01745333333333332,-0.01420666666666659
ENZYMES,edges,0.5,gin,32,0,0.8152647018432617,2.9858264923095703,-0.0050000000000000044,-0.08499999999999996,0.00402639178494324,-0.08489460280844385,-0.008630000000000138,-0.027676666666666683
ENZYMES,edges,0.75,gin,32,0,0.805681586265564,2.8861758708953857,-0.016666666666666663,-0.1466666666666666,-0.006713193097351744,-0.14797381572336743,-0.008493333333333242,-0.06033333333333335
ENZYMES,edges,1.0,gin,32,0,0.7749914526939392,3.2772953510284424,0.006666666666666654,-0.07166666666666666,0.006919143610643885,-0.07321151029768658,0.00324666666666662,-0.03490000000000004
ENZYMES,attrs,0.25,gin,32,0,0.9111349582672119,1.7820817232131958,-0.031666666666666676,0.0016666666666667052,-0.019687433920405506,0.0026606292197816073,-0.013936666666666708,-0.0056233333333334246
ENZYMES,attrs,0.5,gin,32,0,0.8479708433151245,2.2922475337982178,-0.06,-0.06499999999999995,-0.05380540544016266,-0.065872511283538,-0.03838666666666657,-0.02962666666666669
ENZYMES,attrs,0.75,gin,32,0,0.8054313063621521,2.6149966716766357,-0.025000000000000022,-0.03833333333333333,-0.01600080747110333,-0.03872755403552175,-0.030576666666666696,-0.021340000000000026
ENZYMES,attrs,1.0,gin,32,0,0.8234241604804993,2.561393976211548,-0.028333333333333377,-0.025000000000000022,-0.02135318182280299,-0.02495231594395575,-0.031036666666666712,-0.01305999999999996
ENZYMES,edges,0.25,gin,64,0,0.7367375493049622,3.7875008583068848,-0.020000000000000018,-0.05166666666666664,-0.02457029526350768,-0.05173520031948198,-0.0067866666666666076,-0.016226666666666723
ENZYMES,edges,0.5,gin,64,0,0.5448901653289795,5.11715030670166,-0.03666666666666668,-0.14666666666666672,-0.04017501284353209,-0.14641134279216883,-0.010716666666666597,-0.03757666666666648
ENZYMES,edges,0.75,gin,64,0,0.5852533578872681,5.018437385559082,-0.05499999999999999,-0.18500000000000005,-0.05660326533694959,-0.18606414603289056,-0.02625999999999995,-0.05832666666666653
ENZYMES,edges,1.0,gin,64,0,0.4810841977596283,5.292133331298828,-0.05833333333333335,-0.19500000000000006,-0.06725293894381879,-0.1938056368552511,-0.018783333333333263,-0.06946833333333313
ENZYMES,attrs,0.25,gin,64,0,0.8775282502174377,2.679520606994629,-0.020000000000000018,-0.06166666666666665,-0.021760483427435195,-0.06156308260500998,-0.024900000000000033,-0.01674999999999993
ENZYMES,attrs,0.5,gin,64,0,0.6846034526824951,3.9690845012664795,-0.053333333333333344,-0.04500000000000004,-0.055498501328799466,-0.04526459181569764,-0.01600333333333337,-0.006923333333333392
ENZYMES,attrs,0.75,gin,64,0,0.5501121282577515,4.686619281768799,-0.03999999999999998,-0.03500000000000003,-0.042731844048431555,-0.03525051747257357,-0.02424000000000004,-0.006679999999999908
ENZYMES,attrs,1.0,gin,64,0,0.6266393065452576,4.376692771911621,-0.04999999999999999,-0.10499999999999998,-0.054543003386404554,-0.10578861555704555,-0.030180000000000096,-0.024923333333333186
ENZYMES,edges,0.25,gin,128,0,0.568136990070343,4.9863128662109375,-0.10166666666666668,-0.1316666666666667,-0.10846546697772724,-0.13185332084116053,-0.04521333333333344,-0.01521333333333319
ENZYMES,edges,0.5,gin,128,0,0.5560758709907532,5.4351043701171875,-0.07833333333333337,-0.1283333333333334,-0.08165773549521121,-0.12784626132178656,-0.051676666666666704,-0.017896666666666672
ENZYMES,edges,0.75,gin,128,0,0.49481886625289917,5.910134315490723,-0.11833333333333335,-0.20000000000000007,-0.11903140107641391,-0.20085980250266033,-0.05683000000000005,-0.03429666666666642
ENZYMES,edges,1.0,gin,128,0,0.5012686252593994,5.549006938934326,-0.09666666666666668,-0.21333333333333337,-0.1036624119178498,-0.21374422774682889,-0.052630000000000066,-0.040496666666666514
ENZYMES,attrs,0.25,gin,128,0,0.7530419230461121,3.8015615940093994,-0.08833333333333332,-0.1216666666666667,-0.09108818271346258,-0.12134191352320589,-0.053750000000000075,-0.01071999999999984
ENZYMES,attrs,0.5,gin,128,0,0.6525192260742188,4.3855438232421875,-0.10333333333333333,-0.10499999999999998,-0.1048099537693275,-0.10464742989741427,-0.057546666666666746,-0.013326666666666598
ENZYMES,attrs,0.75,gin,128,0,0.5765085220336914,4.9935760498046875,-0.1166666666666667,-0.10166666666666668,-0.11610534589372373,-0.10199463473554382,-0.06192333333333344,-0.016746666666666687
ENZYMES,attrs,1.0,gin,128,0,0.5591571927070618,5.103264331817627,-0.11166666666666669,-0.13,-0.11609985688221836,-0.12951994003541234,-0.05853000000000019,-0.01910999999999996
ENZYMES,edges,0.25,gin,256,0,0.5107688307762146,5.373856544494629,-0.07333333333333325,-0.043333333333333335,-0.0790744046892472,-0.04335934153429344,-0.04848000000000008,-0.0025566666666668736
ENZYMES,edges,0.5,gin,256,0,0.4698484241962433,5.754065036773682,-0.09333333333333327,-0.03166666666666673,-0.09597644310776376,-0.03151967928588184,-0.047853333333333414,-0.0024300000000000432
ENZYMES,edges,0.75,gin,256,0,0.38865038752555847,5.870662212371826,-0.1333333333333333,-0.08500000000000008,-0.13653745114417287,-0.08543616509138441,-0.058780000000000054,-0.008706666666666751
ENZYMES,edges,1.0,gin,256,0,0.3972286880016327,5.939337730407715,-0.07499999999999996,-0.16333333333333333,-0.08128435121206878,-0.16318847358409516,-0.0479099999999999,-0.02475666666666687
ENZYMES,attrs,0.25,gin,256,0,0.6462733745574951,4.483883380889893,-0.09166666666666656,-0.011666666666666714,-0.09758261977222826,-0.011720780078810611,-0.06066333333333329,-0.0002466666666666173
ENZYMES,attrs,0.5,gin,256,0,0.4939119517803192,5.101499557495117,-0.1266666666666666,-0.046666666666666745,-0.13057710309175613,-0.046802814956288685,-0.05810666666666675,-0.0033199999999999896
ENZYMES,attrs,0.75,gin,256,0,0.44167521595954895,5.307082653045654,-0.08999999999999997,-0.011666666666666714,-0.09244058732207183,-0.011659589608638443,-0.04542333333333337,-0.0007566666666667388
ENZYMES,attrs,1.0,gin,256,0,0.4255222678184509,5.580907821655273,-0.09333333333333327,0.0,-0.09679682692580838,4.097043524153854e-05,-0.0520033333333334,-0.00011666666666665382
ENZYMES,edges,0.25,graph2vec,16,1,0.9180791974067688,0.4778918921947479,-0.04333333333333331,0.006666666666666599,-0.035701897428826096,0.00666628656820345,-0.006616666666666604,0.00011333333333329865
ENZYMES,edges,0.5,graph2vec,16,1,0.8097959756851196,0.7102569341659546,-0.04833333333333331,0.015000000000000013,-0.03780982191508839,0.015017085048088186,-0.018316666666666648,0.00045666666666654976
ENZYMES,edges,0.75,graph2vec,16,1,0.8726380467414856,0.5873268842697144,-0.033333333333333326,0.016666666666666607,-0.026567847910592107,0.016683793382463286,-0.01678333333333326,0.0004633333333332601
ENZYMES,edges,1.0,graph2vec,16,1,0.8204935789108276,0.738909900188446,-0.036666666666666625,0.011666666666666603,-0.02385372356072038,0.011666369903620133,-0.002463333333333262,0.0003766666666665808
ENZYMES,attrs,0.25,graph2vec,16,1,1.0,0.0,0.0,0.0,0.0,0.0,0.0,0.0
ENZYMES,attrs,0.5,graph2vec,16,1,1.0,0.0,0.0,0.0,0.0,0.0,0.0,0.0
ENZYMES,attrs,0.75,graph2vec,16,1,1.0,0.0,0.0,0.0,0.0,0.0,0.0,0.0
ENZYMES,attrs,1.0,graph2vec,16,1,1.0,0.0,0.0,0.0,0.0,0.0,0.0,0.0
ENZYMES,edges,0.25,graph2vec,32,1,0.916586697101593,0.47562524676322937,0.003333333333333355,0.0,0.004661543445212191,0.0,-0.025533333333333297,0.0
ENZYMES,edges,0.5,graph2vec,32,1,0.9195048213005066,0.4736159145832062,-0.008333333333333304,0.0,-0.004102110589020991,0.0,-0.03127666666666684,0.0
ENZYMES,edges,0.75,graph2vec,32,1,0.8833019733428955,0.5556011199951172,-0.020000000000000018,0.0,-0.015985779384860455,0.0,-0.03210000000000013,0.0
ENZYMES,edges,1.0,graph2vec,32,1,0.8145270943641663,0.7417998313903809,-0.021666666666666667,0.0,-0.019468211277131053,0.0,-0.01615666666666682,0.0
ENZYMES,attrs,0.25,graph2vec,32,1,1.0,0.0,0.0,0.0,0.0,0.0,0.0,0.0
ENZYMES,attrs,0.5,graph2vec,32,1,1.0,0.0,0.0,0.0,0.0,0.0,0.0,0.0
ENZYMES,attrs,0.75,graph2vec,32,1,1.0,0.0,0.0,0.0,0.0,0.0,0.0,0.0
ENZYMES,attrs,1.0,graph2vec,32,1,1.0,0.0,0.0,0.0,0.0,0.0,0.0,0.0
ENZYMES,edges,0.25,graph2vec,64,1,0.9101108908653259,0.4878699779510498,-0.03999999999999998,0.0,-0.039891422111520636,0.0,-0.026853333333333285,0.0
ENZYMES,edges,0.5,graph2vec,64,1,0.9078812599182129,0.49988648295402527,-0.053333333333333344,0.0,-0.05427705969507857,0.0,-0.02762000000000009,0.0
ENZYMES,edges,0.75,graph2vec,64,1,0.8848382830619812,0.5495344996452332,-0.065,0.0,-0.06541984328443912,0.0,-0.031083333333333463,0.0
ENZYMES,edges,1.0,graph2vec,64,1,0.8481500148773193,0.6754329204559326,-0.043333333333333335,0.0,-0.043420349735945996,0.0,-0.013363333333333394,0.0
ENZYMES,attrs,0.25,graph2vec,64,1,1.0,0.0,0.0,0.0,0.0,0.0,0.0,0.0
ENZYMES,attrs,0.5,graph2vec,64,1,1.0,0.0,0.0,0.0,0.0,0.0,0.0,0.0
ENZYMES,attrs,0.75,graph2vec,64,1,1.0,0.0,0.0,0.0,0.0,0.0,0.0,0.0
ENZYMES,attrs,1.0,graph2vec,64,1,1.0,0.0,0.0,0.0,0.0,0.0,0.0,0.0
ENZYMES,edges,0.25,graph2vec,128,1,0.9054366946220398,0.49518924951553345,-0.04166666666666663,0.0,-0.04172969913834368,0.0,-0.005913333333333326,0.0
ENZYMES,edges,0.5,graph2vec,128,1,0.9158180952072144,0.4750639796257019,-0.03499999999999992,0.0,-0.036584000911765724,0.0,-0.013236666666666785,0.0
ENZYMES,edges,0.75,graph2vec,128,1,0.8829056620597839,0.5488802194595337,-0.03499999999999992,0.0,-0.03546063008974265,0.0,-0.008366666666666744,0.0
ENZYMES,edges,1.0,graph2vec,128,1,0.8697363138198853,0.6274746656417847,-0.03166666666666662,0.0,-0.031612216255114456,0.0,-0.01263000000000003,0.0
ENZYMES,attrs,0.25,graph2vec,128,1,1.0,0.0,0.0,0.0,0.0,0.0,0.0,0.0
ENZYMES,attrs,0.5,graph2vec,128,1,1.0,0.0,0.0,0.0,0.0,0.0,0.0,0.0
ENZYMES,attrs,0.75,graph2vec,128,1,1.0,0.0,0.0,0.0,0.0,0.0,0.0,0.0
ENZYMES,attrs,1.0,graph2vec,128,1,1.0,0.0,0.0,0.0,0.0,0.0,0.0,0.0
ENZYMES,edges,0.25,graph2vec,256,1,0.9119756817817688,0.47705504298210144,0.020000000000000018,0.0,0.02003504784405563,0.0,0.002443333333333353,0.0
ENZYMES,edges,0.5,graph2vec,256,1,0.9133493900299072,0.47863057255744934,0.020000000000000018,0.0,0.02003475614509398,0.0,0.0022533333333334404,0.0
ENZYMES,edges,0.75,graph2vec,256,1,0.8891005516052246,0.5319185256958008,0.023333333333333317,0.0,0.023368422845097325,0.0,0.003023333333333378,0.0
ENZYMES,edges,1.0,graph2vec,256,1,0.8634634613990784,0.6367936134338379,0.0016666666666667052,0.0,0.0017004227117506376,0.0,-0.0009166666666667878,0.0
ENZYMES,attrs,0.25,graph2vec,256,1,1.0,0.0,0.0,0.0,0.0,0.0,0.0,0.0
ENZYMES,attrs,0.5,graph2vec,256,1,1.0,0.0,0.0,0.0,0.0,0.0,0.0,0.0
ENZYMES,attrs,0.75,graph2vec,256,1,1.0,0.0,0.0,0.0,0.0,0.0,0.0,0.0
ENZYMES,attrs,1.0,graph2vec,256,1,1.0,0.0,0.0,0.0,0.0,0.0,0.0,0.0
ENZYMES,edges,0.25,netlsd,16,1,0.9737561595119998,5.464044055061897,-0.065,-0.03833333333333333,-0.07006372053005266,-0.03813157912303855,-0.030506666666666682,-0.0049366666666667
ENZYMES,edges,0.5,netlsd,16,1,0.9593751272904728,7.583691837737074,-0.10666666666666669,-0.07666666666666666,-0.11059489434572839,-0.07696557287250227,-0.05033999999999994,-0.009016666666666562
ENZYMES,edges,0.75,netlsd,16,1,0.9583677151439615,8.252931137792306,-0.08666666666666667,-0.09833333333333338,-0.09458267353741384,-0.098294161369751,-0.060706666666666576,-0.011136666666666684
ENZYMES,edges,1.0,netlsd,16,1,0.9663377299118129,8.985036851171474,-0.07500000000000001,-0.255,-0.07391296905895894,-0.2553183755808889,-0.06218666666666661,-0.034335000000000004
ENZYMES,attrs,0.25,netlsd,16,1,1.0,0.0,0.0,0.0,0.0,0.0,0.0,0.0
ENZYMES,attrs,0.5,netlsd,16,1,1.0,0.0,0.0,0.0,0.0,0.0,0.0,0.0
ENZYMES,attrs,0.75,netlsd,16,1,1.0,0.0,0.0,0.0,0.0,0.0,0.0,0.0
ENZYMES,attrs,1.0,netlsd,16,1,1.0,0.0,0.0,0.0,0.0,0.0,0.0,0.0
ENZYMES,edges,0.25,netlsd,32,1,0.9737561595119882,5.4640440550642575,-0.044999999999999984,0.0,-0.045093157492246905,0.0,-0.03217333333333339,0.0
ENZYMES,edges,0.5,netlsd,32,1,0.9593751272904653,7.583691837738613,-0.041666666666666685,0.0,-0.03822956441697084,0.0,-0.05407000000000006,0.0
ENZYMES,edges,0.75,netlsd,32,1,0.9583677151439542,8.252931137793736,-0.05666666666666664,0.0,-0.05411521326563268,0.0,-0.06408000000000014,0.0
ENZYMES,edges,1.0,netlsd,32,1,0.9663377299118027,8.985036851172554,-0.031666666666666676,-0.19999999999999996,-0.02599330281787815,-0.19931347152624224,-0.0513216666666666,-0.016233333333333433
ENZYMES,attrs,0.25,netlsd,32,1,1.0,0.0,0.0,0.0,0.0,0.0,0.0,0.0
ENZYMES,attrs,0.5,netlsd,32,1,1.0,0.0,0.0,0.0,0.0,0.0,0.0,0.0
ENZYMES,attrs,0.75,netlsd,32,1,1.0,0.0,0.0,0.0,0.0,0.0,0.0,0.0
ENZYMES,attrs,1.0,netlsd,32,1,1.0,0.0,0.0,0.0,0.0,0.0,0.0,0.0
ENZYMES,edges,0.25,netlsd,64,1,0.973756159511988,5.464044055064253,-0.04999999999999999,0.0,-0.055002373052061015,0.0,-0.02705000000000002,0.0
ENZYMES,edges,0.5,netlsd,64,1,0.9593751272904653,7.5836918377386535,-0.0733333333333333,0.0,-0.07404161410234805,0.0,-0.041796666666666704,0.0
ENZYMES,edges,0.75,netlsd,64,1,0.9583677151439542,8.252931137793757,-0.04999999999999999,0.0,-0.05421558429838924,0.0,-0.046653333333333324,0.0
ENZYMES,edges,1.0,netlsd,64,1,0.9663377299118029,8.985036851172548,-0.03166666666666662,-0.19999999999999996,-0.030612746023739423,-0.20117262641409417,-0.026653333333333307,-0.0160433333333333
ENZYMES,attrs,0.25,netlsd,64,1,1.0,0.0,0.0,0.0,0.0,0.0,0.0,0.0
ENZYMES,attrs,0.5,netlsd,64,1,1.0,0.0,0.0,0.0,0.0,0.0,0.0,0.0
ENZYMES,attrs,0.75,netlsd,64,1,1.0,0.0,0.0,0.0,0.0,0.0,0.0,0.0
ENZYMES,attrs,1.0,netlsd,64,1,1.0,0.0,0.0,0.0,0.0,0.0,0.0,0.0
ENZYMES,edges,0.25,netlsd,128,1,0.973756159511988,5.464044055064251,-0.039999999999999925,0.0,-0.04138009828470812,0.0,-0.010636666666666517,0.0
ENZYMES,edges,0.5,netlsd,128,1,0.9593751272904653,7.583691837738608,-0.039999999999999925,0.0,-0.039434854352266346,0.0,-0.021929999999999783,0.0
ENZYMES,edges,0.75,netlsd,128,1,0.9583677151439542,8.25293113779372,-0.09166666666666656,0.0,-0.09331476200107336,0.0,-0.04423666666666648,0.0
ENZYMES,edges,1.0,netlsd,128,1,0.9663377299118029,8.985036851172527,-0.07166666666666666,-0.19999999999999996,-0.0707205346811971,-0.2000822393139966,-0.007008333333333283,-0.01600333333333337
ENZYMES,attrs,0.25,netlsd,128,1,1.0,0.0,0.0,0.0,0.0,0.0,0.0,0.0
ENZYMES,attrs,0.5,netlsd,128,1,1.0,0.0,0.0,0.0,0.0,0.0,0.0,0.0
ENZYMES,attrs,0.75,netlsd,128,1,1.0,0.0,0.0,0.0,0.0,0.0,0.0,0.0
ENZYMES,attrs,1.0,netlsd,128,1,1.0,0.0,0.0,0.0,0.0,0.0,0.0,0.0
ENZYMES,edges,0.25,netlsd,256,1,0.9996028947027871,8.297269012902982,-0.018333333333333313,-0.03166666666666662,-0.009671389166817368,-0.015019511020074927,-0.02235666666666669,-0.0197533333333334
ENZYMES,edges,0.5,netlsd,256,1,0.9994900421802196,9.452784871719354,-0.033333333333333326,-0.023333333333333317,-0.037287073070340127,-0.01161837331131943,-0.04538333333333322,-0.03450333333333355
ENZYMES,edges,0.75,netlsd,256,1,0.9994595778585218,9.616729921998862,-0.054999999999999966,-0.044999999999999984,-0.05204395318262586,-0.03555328375122685,-0.06122333333333341,-0.03331000000000017
ENZYMES,edges,1.0,netlsd,256,1,0.99950445775603,9.607330440721405,-0.053333333333333316,-0.024999999999999967,-0.07071868957706459,-0.008101631979801904,-0.08279333333333327,-0.01874000000000009
ENZYMES,attrs,0.25,netlsd,256,1,1.0,0.0,0.0,0.0,0.0,0.0,0.0,0.0
ENZYMES,attrs,0.5,netlsd,256,1,1.0,0.0,0.0,0.0,0.0,0.0,0.0,0.0
ENZYMES,attrs,0.75,netlsd,256,1,1.0,0.0,0.0,0.0,0.0,0.0,0.0,0.0
ENZYMES,attrs,1.0,netlsd,256,1,1.0,0.0,0.0,0.0,0.0,0.0,0.0,0.0
ENZYMES,edges,0.25,gin,16,1,0.9054641723632812,1.0651075839996338,-0.07333333333333336,-0.15166666666666667,-0.07978585741301014,-0.1532704383468793,-0.03308666666666671,-0.07179333333333338
ENZYMES,edges,0.5,gin,16,1,0.8360808491706848,1.3704348802566528,-0.06333333333333335,-0.1383333333333333,-0.05187480443876896,-0.13891472223668655,-0.032480000000000064,-0.08045333333333349
ENZYMES,edges,0.75,gin,16,1,0.8023092746734619,1.4935507774353027,-0.09166666666666667,-0.20499999999999996,-0.0998404572694197,-0.2107319323351476,-0.054320000000000146,-0.1079066666666667
ENZYMES,edges,1.0,gin,16,1,0.7753849029541016,1.5732502937316895,-0.04666666666666669,-0.15833333333333333,-0.043036475208682146,-0.1588996005272329,-0.0176400000000001,-0.08366166666666675
ENZYMES,attrs,0.25,gin,16,1,0.9251426458358765,0.9437934160232544,-0.07333333333333336,-0.1166666666666667,-0.07816642659348216,-0.11739547587241839,-0.03503000000000023,-0.04781666666666662
ENZYMES,attrs,0.5,gin,16,1,0.8418309688568115,1.3472933769226074,-0.10333333333333333,-0.19166666666666665,-0.10030770987224075,-0.19033928899623714,-0.06924000000000008,-0.09865666666666661
ENZYMES,attrs,0.75,gin,16,1,0.8056594729423523,1.4801666736602783,-0.09000000000000002,-0.1466666666666666,-0.0861156731646352,-0.14723712985278903,-0.061133333333333595,-0.08537666666666666
ENZYMES,attrs,1.0,gin,16,1,0.7975723743438721,1.4796128273010254,-0.09000000000000002,-0.11499999999999999,-0.09393954194528986,-0.11509413201087282,-0.05979000000000023,-0.05061666666666664
ENZYMES,edges,0.25,gin,32,1,0.8958728313446045,1.9719033241271973,-0.00833333333333336,-0.1316666666666666,-0.02144920297457048,-0.13225128145013842,-0.012886666666666602,-0.05343666666666669
ENZYMES,edges,0.5,gin,32,1,0.855259895324707,2.3609933853149414,-0.025000000000000022,-0.07666666666666666,-0.0249185871490451,-0.07718956588814951,-0.009716666666666485,-0.03134333333333317
ENZYMES,edges,0.75,gin,32,1,0.7687965631484985,2.9396326541900635,-0.030000000000000027,-0.1383333333333333,-0.039966202662952977,-0.1384075896825695,-0.02193333333333347,-0.06375000000000008
ENZYMES,edges,1.0,gin,32,1,0.7467712163925171,3.620891809463501,-0.01666666666666672,-0.10166666666666668,-0.030708701467485333,-0.10242816135417954,-0.015639999999999876,-0.032809999999999895
ENZYMES,attrs,0.25,gin,32,1,0.877522885799408,1.9139750003814697,0.0033333333333332993,-0.06499999999999995,0.0025675467068915214,-0.0662793035197875,-0.023433333333333306,-0.028590000000000004
ENZYMES,attrs,0.5,gin,32,1,0.8055616021156311,2.4843270778656006,-0.04833333333333334,-0.11833333333333329,-0.05384456662642528,-0.11812438917108925,-0.036049999999999915,-0.058256666666666734
ENZYMES,attrs,0.75,gin,32,1,0.7817577719688416,2.8771984577178955,-0.03333333333333338,-0.11499999999999999,-0.03505954128987726,-0.11589239944891316,-0.04956666666666665,-0.059190000000000076
ENZYMES,attrs,1.0,gin,32,1,0.7596780061721802,2.911670207977295,-0.06833333333333336,-0.10166666666666668,-0.0786064514697789,-0.10254148848873568,-0.05932666666666664,-0.05304999999999993
ENZYMES,edges,0.25,gin,64,1,0.7837297320365906,3.3758273124694824,0.010000000000000009,-0.08833333333333326,0.0036891786448285946,-0.08903638433270722,-0.006819999999999937,-0.024243333333333172
ENZYMES,edges,0.5,gin,64,1,0.7395228147506714,3.7783117294311523,-0.013333333333333364,-0.05666666666666664,-0.008468098045713413,-0.05614276937656737,-0.0025933333333332254,-0.015719999999999845
ENZYMES,edges,0.75,gin,64,1,0.6781902313232422,4.100465297698975,-0.00833333333333336,-0.07666666666666666,-0.00879230681759513,-0.07635027724628385,-0.017159999999999842,-0.018856666666666633
ENZYMES,edges,1.0,gin,64,1,0.6257763504981995,5.229559421539307,-0.026666666666666672,-0.125,-0.03774398770784948,-0.12315177880828387,-0.020366666666666644,-0.038296666666666646
ENZYMES,attrs,0.25,gin,64,1,0.8318403959274292,3.0834522247314453,-0.028333333333333377,-0.07166666666666666,-0.024508252349020265,-0.07179148289253456,-0.03452333333333324,-0.01739999999999997
ENZYMES,attrs,0.5,gin,64,1,0.6922411918640137,3.820298671722412,-0.041666666666666685,-0.20499999999999996,-0.03580954406599668,-0.20365775777896622,-0.04956666666666676,-0.07697666666666658
ENZYMES,attrs,0.75,gin,64,1,0.6591550707817078,4.163065433502197,-0.026666666666666672,-0.15333333333333332,-0.021546916176357733,-0.15364160832270346,-0.038296666666666646,-0.05111999999999994
ENZYMES,attrs,1.0,gin,64,1,0.6654285192489624,4.129488945007324,-0.051666666666666694,-0.1399999999999999,-0.05450812840339825,-0.13926158663243116,-0.049256666666666615,-0.047780000000000045
ENZYMES,edges,0.25,gin,128,1,0.7245394587516785,3.745647668838501,-0.024999999999999967,-0.04500000000000004,-0.030921720360990113,-0.045289533787253644,0.00773333333333337,-0.008536666666666637
ENZYMES,edges,0.5,gin,128,1,0.6046579480171204,4.6634039878845215,-0.07666666666666666,0.025000000000000022,-0.07805506039168819,0.02493080132082026,-0.009866666666666801,0.003283333333333416
ENZYMES,edges,0.75,gin,128,1,0.5515344738960266,4.852123260498047,-0.04166666666666663,-0.0033333333333332993,-0.0435113317186101,-0.003044804769531284,-0.0002766666666667028,-0.0011966666666665127
ENZYMES,edges,1.0,gin,128,1,0.5535736083984375,5.802858829498291,-0.03833333333333333,-0.1333333333333333,-0.04563703567016625,-0.13368776602451438,-0.003363333333333496,-0.03092999999999979
ENZYMES,attrs,0.25,gin,128,1,0.762048602104187,3.5046684741973877,-0.036666666666666625,0.015000000000000013,-0.03714204720677705,0.01486789457947113,-0.009223333333333361,0.0017900000000000693
ENZYMES,attrs,0.5,gin,128,1,0.6883643865585327,3.897564172744751,-0.08833333333333332,-0.036666666666666625,-0.08837916249564609,-0.0362848338056474,-0.030513333333333392,-0.012279999999999847
ENZYMES,attrs,0.75,gin,128,1,0.6361357569694519,4.232100009918213,-0.09166666666666662,-0.03500000000000003,-0.0910189568122533,-0.03474500358221855,-0.034976666666666656,-0.007289999999999908
ENZYMES,attrs,1.0,gin,128,1,0.5869820713996887,4.486972332000732,-0.08166666666666661,-0.033333333333333326,-0.08241293152080587,-0.03348829123210573,-0.03483000000000003,-0.006539999999999768
ENZYMES,edges,0.25,gin,256,1,0.5660169720649719,3.9926376342773438,-0.046666666666666745,0.0016666666666665941,-0.04851789752553726,0.0016667512647410287,0.0006433333333332181,1.0000000000287557e-05
ENZYMES,edges,0.5,gin,256,1,0.5119867920875549,4.2418975830078125,-0.040000000000000036,0.0016666666666665941,-0.040759035569856494,0.0016585831562481168,-0.02356333333333338,-3.999999999981796e-05
ENZYMES,edges,0.75,gin,256,1,0.466641902923584,4.593728065490723,-0.11166666666666669,-0.06166666666666665,-0.11207507621686175,-0.06149915387908589,-0.04187333333333343,-0.006253333333333111
ENZYMES,edges,1.0,gin,256,1,0.39635148644447327,5.821402072906494,-0.1183333333333334,-0.10833333333333339,-0.12343946319033466,-0.10833210730398857,-0.04184666666666659,-0.012758333333333205
ENZYMES,attrs,0.25,gin,256,1,0.7255659103393555,3.422886610031128,0.0,0.0,-0.0001325818793888045,1.6459982456584754e-05,0.007540000000000102,1.3333333333420683e-05
ENZYMES,attrs,0.5,gin,256,1,0.5053264498710632,4.070494651794434,-0.10499999999999998,-0.050000000000000044,-0.10706398982761067,-0.049787687820262216,-0.039699999999999847,-0.0027966666666664475
ENZYMES,attrs,0.75,gin,256,1,0.46705326437950134,4.3197174072265625,-0.13833333333333336,-0.07166666666666666,-0.13890086676806296,-0.07150940961366126,-0.05884,-0.005849999999999911
ENZYMES,attrs,1.0,gin,256,1,0.486585795879364,4.257923603057861,-0.16500000000000004,-0.09000000000000008,-0.1661367427695017,-0.08996396654590844,-0.0728566666666669,-0.01020999999999983
ENZYMES,edges,0.25,graph2vec,16,2,0.8851888179779053,0.5503708720207214,0.0,0.0016666666666667052,0.006189413682596762,0.0016756353893208065,-0.015296666666666736,0.00036000000000002697
ENZYMES,edges,0.5,graph2vec,16,2,0.8351380825042725,0.6585273146629333,0.013333333333333364,0.0,0.01684033808487828,-3.05731782557217e-07,-0.013096666666666645,0.00017999999999995797
ENZYMES,edges,0.75,graph2vec,16,2,0.9156465530395508,0.484809011220932,0.020000000000000018,0.00666666666666671,0.02389895953097626,0.006692927538296201,-0.0060633333333333095,0.0004833333333333911
ENZYMES,edges,1.0,graph2vec,16,2,0.9135202765464783,0.5442597270011902,0.015000000000000013,0.0016666666666667052,0.022411775355977603,0.001700718112098376,-0.017896666666666672,0.00020333333333333314
ENZYMES,attrs,0.25,graph2vec,16,2,1.0,0.0,0.0,0.0,0.0,0.0,0.0,0.0
ENZYMES,attrs,0.5,graph2vec,16,2,1.0,0.0,0.0,0.0,0.0,0.0,0.0,0.0
ENZYMES,attrs,0.75,graph2vec,16,2,1.0,0.0,0.0,0.0,0.0,0.0,0.0,0.0
ENZYMES,attrs,1.0,graph2vec,16,2,1.0,0.0,0.0,0.0,0.0,0.0,0.0,0.0
ENZYMES,edges,0.25,graph2vec,32,2,0.9474284648895264,0.388540655374527,0.0,0.0,0.005911075190414727,0.0,-0.015193333333333281,0.0
ENZYMES,edges,0.5,graph2vec,32,2,0.9343893527984619,0.43115803599357605,0.00666666666666671,0.0,0.014165523843969352,0.0,-0.01847999999999983,0.0
ENZYMES,edges,0.75,graph2vec,32,2,0.9299637675285339,0.44439515471458435,-0.02833333333333332,0.0,-0.02236323706252491,0.0,-0.01920999999999995,0.0
ENZYMES,edges,1.0,graph2vec,32,2,0.9227240085601807,0.5157179832458496,0.00666666666666671,0.0,0.017712388458576256,0.0,-0.00823000000000007,0.0
ENZYMES,attrs,0.25,graph2vec,32,2,1.0,0.0,0.0,0.0,0.0,0.0,0.0,0.0
ENZYMES,attrs,0.5,graph2vec,32,2,1.0,0.0,0.0,0.0,0.0,0.0,0.0,0.0
ENZYMES,attrs,0.75,graph2vec,32,2,1.0,0.0,0.0,0.0,0.0,0.0,0.0,0.0
ENZYMES,attrs,1.0,graph2vec,32,2,1.0,0.0,0.0,0.0,0.0,0.0,0.0,0.0
ENZYMES,edges,0.25,graph2vec,64,2,0.8818495869636536,0.5463787913322449,-0.03833333333333333,0.0,-0.03950364295232478,0.0,-0.013809999999999989,0.0
ENZYMES,edges,0.5,graph2vec,64,2,0.8778520822525024,0.5638606548309326,-0.03833333333333333,0.0,-0.0388303811407637,0.0,-0.012339999999999796,0.0
ENZYMES,edges,0.75,graph2vec,64,2,0.8707680106163025,0.5783373713493347,-0.05666666666666664,0.0,-0.057712616775890624,0.0,-0.021039999999999948,0.0
ENZYMES,edges,1.0,graph2vec,64,2,0.873644232749939,0.6269066333770752,-0.05166666666666664,0.0,-0.0524782380926096,0.0,-0.013439999999999785,0.0
ENZYMES,attrs,0.25,graph2vec,64,2,1.0,0.0,0.0,0.0,0.0,0.0,0.0,0.0
ENZYMES,attrs,0.5,graph2vec,64,2,1.0,0.0,0.0,0.0,0.0,0.0,0.0,0.0
ENZYMES,attrs,0.75,graph2vec,64,2,1.0,0.0,0.0,0.0,0.0,0.0,0.0,0.0
ENZYMES,attrs,1.0,graph2vec,64,2,1.0,0.0,0.0,0.0,0.0,0.0,0.0,0.0
ENZYMES,edges,0.25,graph2vec,128,2,0.9000561237335205,0.5051817893981934,-0.05833333333333335,0.0,-0.05716191572467577,0.0,-0.019186666666666463,0.0
ENZYMES,edges,0.5,graph2vec,128,2,0.8764602541923523,0.5642926692962646,-0.04833333333333334,0.0,-0.04733369594611203,0.0,-0.026419999999999888,0.0
ENZYMES,edges,0.75,graph2vec,128,2,0.8880977630615234,0.5383504629135132,-0.043333333333333335,0.0,-0.04184810810531625,0.0,-0.024323333333333252,0.0
ENZYMES,edges,1.0,graph2vec,128,2,0.8429039120674133,0.6863123774528503,-0.043333333333333335,0.0,-0.04451923416163417,0.0,-0.021059999999999968,0.0
ENZYMES,attrs,0.25,graph2vec,128,2,1.0,0.0,0.0,0.0,0.0,0.0,0.0,0.0
ENZYMES,attrs,0.5,graph2vec,128,2,1.0,0.0,0.0,0.0,0.0,0.0,0.0,0.0
ENZYMES,attrs,0.75,graph2vec,128,2,1.0,0.0,0.0,0.0,0.0,0.0,0.0,0.0
ENZYMES,attrs,1.0,graph2vec,128,2,1.0,0.0,0.0,0.0,0.0,0.0,0.0,0.0
ENZYMES,edges,0.25,graph2vec,256,2,0.9170186519622803,0.4626212418079376,0.015000000000000013,0.0,0.01505067172133856,0.0,0.001943333333333408,0.0
ENZYMES,edges,0.5,graph2vec,256,2,0.9024298191070557,0.5035568475723267,0.011666666666666603,0.0,0.011692380693355653,0.0,0.001803333333333379,0.0
ENZYMES,edges,0.75,graph2vec,256,2,0.9008256196975708,0.5061563849449158,0.021666666666666612,0.0,0.021692878230546664,0.0,0.002726666666666655,0.0
ENZYMES,edges,1.0,graph2vec,256,2,0.8746041059494019,0.6189936399459839,0.018333333333333313,0.0,0.018367713005706388,0.0,0.0024533333333333074,0.0
ENZYMES,attrs,0.25,graph2vec,256,2,1.0,0.0,0.0,0.0,0.0,0.0,0.0,0.0
ENZYMES,attrs,0.5,graph2vec,256,2,1.0,0.0,0.0,0.0,0.0,0.0,0.0,0.0
ENZYMES,attrs,0.75,graph2vec,256,2,1.0,0.0,0.0,0.0,0.0,0.0,0.0,0.0
ENZYMES,attrs,1.0,graph2vec,256,2,1.0,0.0,0.0,0.0,0.0,0.0,0.0,0.0
ENZYMES,edges,0.25,netlsd,16,2,0.9799205097050526,5.121810048349426,-0.08666666666666667,-0.05666666666666664,-0.08616709956084823,-0.05683531993963098,-0.03306666666666658,-0.004830000000000001
ENZYMES,edges,0.5,netlsd,16,2,0.9727651190572146,6.343437721461551,-0.08833333333333332,-0.12,-0.08681702081648562,-0.1196595923946372,-0.04999666666666658,-0.013619999999999965
ENZYMES,edges,0.75,netlsd,16,2,0.9622466531869207,8.249060153501881,-0.12833333333333333,-0.08666666666666667,-0.14022035839025757,-0.0865851692861257,-0.07360999999999995,-0.007673333333333421
ENZYMES,edges,1.0,netlsd,16,2,0.966591934553839,9.408184971246074,-0.09000000000000002,-0.2466666666666667,-0.10330378374000337,-0.2466238523982578,-0.04472833333333326,-0.03322333333333327
ENZYMES,attrs,0.25,netlsd,16,2,1.0,0.0,0.0,0.0,0.0,0.0,0.0,0.0
ENZYMES,attrs,0.5,netlsd,16,2,1.0,0.0,0.0,0.0,0.0,0.0,0.0,0.0
ENZYMES,attrs,0.75,netlsd,16,2,1.0,0.0,0.0,0.0,0.0,0.0,0.0,0.0
ENZYMES,attrs,1.0,netlsd,16,2,1.0,0.0,0.0,0.0,0.0,0.0,0.0,0.0
ENZYMES,edges,0.25,netlsd,32,2,0.9799205097050355,5.121810048351734,-0.013333333333333364,0.0,-0.011396113417640963,0.0,-0.028290000000000037,0.0
ENZYMES,edges,0.5,netlsd,32,2,0.9727651190572033,6.343437721463492,-0.08833333333333337,0.0,-0.08635039941688655,0.0,-0.05108333333333326,0.0
ENZYMES,edges,0.75,netlsd,32,2,0.9622466531869115,8.24906015350322,-0.07833333333333337,0.0,-0.08002484505014157,0.0,-0.06352000000000002,0.0
ENZYMES,edges,1.0,netlsd,32,2,0.9665919345538292,9.40818497124713,-0.041666666666666685,-0.20166666666666666,-0.04141156405636903,-0.20199777349578418,-0.03878666666666675,-0.016276666666666606
ENZYMES,attrs,0.25,netlsd,32,2,1.0,0.0,0.0,0.0,0.0,0.0,0.0,0.0
ENZYMES,attrs,0.5,netlsd,32,2,1.0,0.0,0.0,0.0,0.0,0.0,0.0,0.0
ENZYMES,attrs,0.75,netlsd,32,2,1.0,0.0,0.0,0.0,0.0,0.0,0.0,0.0
ENZYMES,attrs,1.0,netlsd,32,2,1.0,0.0,0.0,0.0,0.0,0.0,0.0,0.0
ENZYMES,edges,0.25,netlsd,64,2,0.9799205097050354,5.121810048351743,-0.034999999999999976,0.0,-0.03509441077209258,0.0,-0.03789666666666658,0.0
ENZYMES,edges,0.5,netlsd,64,2,0.9727651190572034,6.343437721463482,-0.08500000000000002,0.0,-0.08534951420460546,0.0,-0.04653000000000007,0.0
ENZYMES,edges,0.75,netlsd,64,2,0.9622466531869113,8.249060153503184,-0.053333333333333344,0.0,-0.05438453684898881,0.0,-0.06446666666666667,0.0
ENZYMES,edges,1.0,netlsd,64,2,0.966591934553829,9.408184971247096,-0.05833333333333335,-0.19999999999999996,-0.05905697517956604,-0.2001321411154775,-0.041126666666666645,-0.01605500000000004
ENZYMES,attrs,0.25,netlsd,64,2,1.0,0.0,0.0,0.0,0.0,0.0,0.0,0.0
ENZYMES,attrs,0.5,netlsd,64,2,1.0,0.0,0.0,0.0,0.0,0.0,0.0,0.0
ENZYMES,attrs,0.75,netlsd,64,2,1.0,0.0,0.0,0.0,0.0,0.0,0.0,0.0
ENZYMES,attrs,1.0,netlsd,64,2,1.0,0.0,0.0,0.0,0.0,0.0,0.0,0.0
ENZYMES,edges,0.25,netlsd,128,2,0.9799205097050355,5.121810048351737,-0.010000000000000009,0.0,-0.008145699003783147,0.0,-0.010413333333333274,0.0
ENZYMES,edges,0.5,netlsd,128,2,0.9727651190572033,6.343437721463507,-0.033333333333333326,0.0,-0.03059796640262502,0.0,-0.011413333333333275,0.0
ENZYMES,edges,0.75,netlsd,128,2,0.962246653186911,8.249060153503182,-0.08666666666666667,0.0,-0.08497264675055982,0.0,-0.03466333333333327,0.0
ENZYMES,edges,1.0,netlsd,128,2,0.9665919345538292,9.408184971247069,-0.00666666666666671,-0.19999999999999996,-0.0063418754492367,-0.2005027397197262,-0.0007616666666666605,-0.016098333333333215
ENZYMES,attrs,0.25,netlsd,128,2,1.0,0.0,0.0,0.0,0.0,0.0,0.0,0.0
ENZYMES,attrs,0.5,netlsd,128,2,1.0,0.0,0.0,0.0,0.0,0.0,0.0,0.0
ENZYMES,attrs,0.75,netlsd,128,2,1.0,0.0,0.0,0.0,0.0,0.0,0.0,0.0
ENZYMES,attrs,1.0,netlsd,128,2,1.0,0.0,0.0,0.0,0.0,0.0,0.0,0.0
ENZYMES,edges,0.25,netlsd,256,2,0.9996202622039141,8.08113225496918,-0.054999999999999966,-0.016666666666666663,-0.04455930380212908,-0.013291812449632956,-0.03304333333333331,-0.02336999999999989
ENZYMES,edges,0.5,netlsd,256,2,0.9994012493998576,9.876437704332071,-0.046666666666666634,-0.03833333333333333,-0.05154756590561274,-0.04909750351962289,-0.05449666666666664,-0.040529999999999955
ENZYMES,edges,0.75,netlsd,256,2,0.9994655576918101,9.752268349776939,-0.0633333333333333,-0.011666666666666659,-0.06739579849737826,-0.006464254480922971,-0.06673666666666667,-0.01660666666666666
ENZYMES,edges,1.0,netlsd,256,2,0.9994993341101526,9.485732841645252,-0.05666666666666664,-0.033333333333333326,-0.047778099599855656,-0.027884410383261116,-0.07050999999999996,-0.047526666666666606
ENZYMES,attrs,0.25,netlsd,256,2,1.0,0.0,0.0,0.0,0.0,0.0,0.0,0.0
ENZYMES,attrs,0.5,netlsd,256,2,1.0,0.0,0.0,0.0,0.0,0.0,0.0,0.0
ENZYMES,attrs,0.75,netlsd,256,2,1.0,0.0,0.0,0.0,0.0,0.0,0.0,0.0
ENZYMES,attrs,1.0,netlsd,256,2,1.0,0.0,0.0,0.0,0.0,0.0,0.0,0.0
ENZYMES,edges,0.25,gin,16,2,0.8483704924583435,1.598175287246704,-0.06833333333333336,-0.08499999999999996,-0.05872236961249522,-0.08435873599502286,-0.023676666666666568,-0.05063333333333342
ENZYMES,edges,0.5,gin,16,2,0.847617506980896,1.670839786529541,-0.025000000000000022,-0.1416666666666666,-0.007957741187283263,-0.14385372614502145,-0.006713333333333127,-0.07140666666666673
ENZYMES,edges,0.75,gin,16,2,0.7788320183753967,1.962922215461731,-0.065,-0.14999999999999997,-0.048947370754274355,-0.1487680363179173,-0.01630666666666658,-0.0779833333333334
ENZYMES,edges,1.0,gin,16,2,0.7972462177276611,2.0039596557617188,-0.03500000000000003,-0.08666666666666656,-0.021303155530864093,-0.08920073963803499,0.007750000000000035,-0.04723333333333324
ENZYMES,attrs,0.25,gin,16,2,0.8984552025794983,1.4642302989959717,-0.07166666666666666,-0.08166666666666667,-0.056675656721917544,-0.08178416627043261,-0.0274333333333332,-0.04249666666666663
ENZYMES,attrs,0.5,gin,16,2,0.8299180269241333,1.7842395305633545,-0.06833333333333336,-0.09833333333333327,-0.05431814978407712,-0.09694096446233658,-0.023539999999999894,-0.05318333333333325
ENZYMES,attrs,0.75,gin,16,2,0.8260166645050049,1.7439215183258057,-0.044999999999999984,-0.11833333333333329,-0.04216019930659559,-0.11673421658391714,-0.03079333333333334,-0.06726333333333334
ENZYMES,attrs,1.0,gin,16,2,0.8200711011886597,1.7763220071792603,-0.04999999999999999,-0.12,-0.04130400366908166,-0.11714462631776656,-0.022836666666666616,-0.06766333333333341
ENZYMES,edges,0.25,gin,32,2,0.8460466265678406,2.5951266288757324,-0.08166666666666667,-0.10999999999999999,-0.08264555624727377,-0.11017765018474757,-0.015553333333333308,-0.029160000000000075
ENZYMES,edges,0.5,gin,32,2,0.7669381499290466,3.351940870285034,-0.05499999999999999,-0.2533333333333333,-0.058754339673566414,-0.2574777589916112,-0.026046666666666662,-0.11407333333333336
ENZYMES,edges,0.75,gin,32,2,0.7369108200073242,3.3938307762145996,-0.10000000000000003,-0.2316666666666667,-0.1056435299261187,-0.23528856618820893,-0.03702000000000005,-0.0991399999999999
ENZYMES,edges,1.0,gin,32,2,0.7120599150657654,3.6309683322906494,-0.051666666666666694,-0.11499999999999999,-0.0547130405476457,-0.11625207182266772,0.004393333333333249,-0.036236666666666695
ENZYMES,attrs,0.25,gin,32,2,0.866734504699707,2.3549246788024902,-0.065,-0.09499999999999997,-0.06940281054193759,-0.09548815056175186,-0.030426666666666824,-0.02564333333333324
ENZYMES,attrs,0.5,gin,32,2,0.7880191802978516,3.0898168087005615,-0.11166666666666669,-0.12,-0.1222658914867199,-0.12088373672052266,-0.05765666666666669,-0.046156666666666735
ENZYMES,attrs,0.75,gin,32,2,0.7538121342658997,3.559786796569824,-0.09666666666666668,-0.21666666666666667,-0.10922103432464547,-0.21798083395066037,-0.051496666666666746,-0.09460333333333326
ENZYMES,attrs,1.0,gin,32,2,0.7392897605895996,3.2544620037078857,-0.07833333333333337,-0.19000000000000006,-0.09009997473590992,-0.19141253505673506,-0.032810000000000006,-0.06371000000000004
ENZYMES,edges,0.25,gin,64,2,0.7768837213516235,3.065025568008423,-0.026666666666666672,-0.043333333333333335,-0.025942295526039716,-0.04368155742696622,-0.00021333333333339866,-0.017958333333333187
ENZYMES,edges,0.5,gin,64,2,0.6732364296913147,3.821910858154297,-0.06,-0.09833333333333327,-0.06557258083592188,-0.10009034710804188,-0.02294000000000007,-0.04024666666666643
ENZYMES,edges,0.75,gin,64,2,0.5943508148193359,4.296602249145508,-0.07166666666666666,-0.12,-0.07398230508821446,-0.12040284406197976,-0.024386666666666668,-0.04075666666666666
ENZYMES,edges,1.0,gin,64,2,0.5920078754425049,4.584377288818359,-0.03833333333333333,0.0016666666666667052,-0.038852034641288946,0.0014971282521933915,0.0035433333333333428,-0.0044799999999997064
ENZYMES,attrs,0.25,gin,64,2,0.7417733669281006,3.1299381256103516,-0.06333333333333335,-0.0050000000000000044,-0.0614756582448277,-0.005889982289262852,-0.024659999999999904,-0.008479999999999932
ENZYMES,attrs,0.5,gin,64,2,0.6902210116386414,3.5288870334625244,-0.10166666666666668,-0.11333333333333329,-0.10518983361804735,-0.11475399080973037,-0.05559333333333338,-0.04553666666666656
ENZYMES,attrs,0.75,gin,64,2,0.6675543189048767,3.6343953609466553,-0.08000000000000002,-0.11666666666666659,-0.08452870733598428,-0.1178156043966544,-0.03386000000000011,-0.03304666666666645
ENZYMES,attrs,1.0,gin,64,2,0.6392276287078857,3.9575741291046143,-0.04833333333333334,-0.05666666666666664,-0.05375160476280216,-0.057441591302187955,-0.022206666666666597,-0.019876666666666654
ENZYMES,edges,0.25,gin,128,2,0.7367258667945862,3.734347343444824,-0.00833333333333336,0.036666666666666736,-0.00992511888664288,0.03693647502207842,0.008736666666666726,0.003610000000000002
ENZYMES,edges,0.5,gin,128,2,0.5787995457649231,4.568338871002197,-0.053333333333333344,-0.16999999999999993,-0.05894572269378012,-0.17047940246694293,-0.03568333333333329,-0.038953333333333284
ENZYMES,edges,0.75,gin,128,2,0.5329188108444214,4.99823522567749,-0.04500000000000004,-0.15666666666666662,-0.04599462993987358,-0.1561791441863417,-0.021463333333333168,-0.03305999999999998
ENZYMES,edges,1.0,gin,128,2,0.5268130898475647,4.917723655700684,0.0033333333333332993,-0.03166666666666662,0.0048498744939105,-0.031457537075746944,0.012726666666666664,-0.007268333333333321
ENZYMES,attrs,0.25,gin,128,2,0.7930276393890381,3.0988481044769287,-0.020000000000000018,0.03500000000000003,-0.020574788433286306,0.03523914879869694,-0.018863333333333232,0.004273333333333351
ENZYMES,attrs,0.5,gin,128,2,0.5699430108070374,4.356665134429932,-0.10000000000000003,-0.16666666666666663,-0.10162174492481907,-0.16681079109772123,-0.05632333333333328,-0.04375666666666678
ENZYMES,attrs,0.75,gin,128,2,0.5088067650794983,4.767387866973877,-0.041666666666666685,-0.1316666666666666,-0.041180964998713265,-0.13180259351090784,-0.044883333333333275,-0.029910000000000103
ENZYMES,attrs,1.0,gin,128,2,0.5789048075675964,4.505776405334473,-0.03666666666666668,-0.03833333333333333,-0.03884969689141066,-0.03821007968013235,-0.04194999999999993,-0.007983333333333231
ENZYMES,edges,0.25,gin,256,2,0.5655180215835571,4.015100955963135,-0.06833333333333325,-0.06000000000000005,-0.06789862707313565,-0.05993836959888066,-0.022853333333333392,-0.004923333333333391
ENZYMES,edges,0.5,gin,256,2,0.4364202320575714,4.736315727233887,-0.08833333333333326,-0.08666666666666667,-0.09141904211494245,-0.08638623098255005,-0.04214333333333342,-0.011966666666666681
ENZYMES,edges,0.75,gin,256,2,0.39959320425987244,5.293164253234863,-0.09666666666666662,-0.15333333333333332,-0.10037905615862835,-0.15301882550464352,-0.05131999999999992,-0.021609999999999907
ENZYMES,edges,1.0,gin,256,2,0.3862214982509613,5.584938049316406,-0.05999999999999994,-0.07166666666666666,-0.05913672650189339,-0.07143795434324174,-0.014489999999999892,-0.006406666666666672
ENZYMES,attrs,0.25,gin,256,2,0.6444941163063049,3.6468725204467773,-0.05999999999999994,-0.020000000000000018,-0.06195695990563643,-0.019976791211459455,-0.027309999999999945,-0.0015066666666666562
ENZYMES,attrs,0.5,gin,256,2,0.4708571434020996,4.276927947998047,-0.12499999999999994,-0.1233333333333334,-0.12567608409203468,-0.12367896759547858,-0.06803999999999988,-0.016093333333333404
ENZYMES,attrs,0.75,gin,256,2,0.46726369857788086,4.131475925445557,-0.08833333333333326,-0.030000000000000027,-0.09081346008738617,-0.029964671559569167,-0.03483666666666663,-0.0021900000000000253
ENZYMES,attrs,1.0,gin,256,2,0.39678141474723816,4.758113384246826,-0.04166666666666663,-0.11166666666666669,-0.042723586236919964,-0.11099270295525354,-0.04049333333333338,-0.014596666666666702
IMDB-MULTI,edges,0.25,graph2vec,16,0,0.5482189059257507,0.7889592051506042,0.014666666666666661,0.09866666666666668,0.011055710076333769,0.09873236954021991,0.013818666666666646,0.04587066666666684
IMDB-MULTI,edges,0.5,graph2vec,16,0,0.5768155455589294,0.7821570634841919,0.02266666666666667,0.10066666666666668,0.016480836357262052,0.10071648465844463,0.01840733333333322,0.04779866666666677
IMDB-MULTI,edges,0.75,graph2vec,16,0,0.5738608241081238,0.7847895622253418,0.02533333333333332,0.07200000000000006,0.015404197324708324,0.07201626930211447,0.018912666666666578,0.03409933333333348
IMDB-MULTI,edges,1.0,graph2vec,16,0,0.7029234766960144,0.7288842797279358,0.008000000000000007,-0.019999999999999907,0.005536547957269322,-0.01977709594614374,0.006314666666666691,-0.016105999999999843
IMDB-MULTI,attrs,0.25,graph2vec,16,0,1.0,0.0,0.0,0.0,0.0,0.0,0.0,0.0
IMDB-MULTI,attrs,0.5,graph2vec,16,0,1.0,0.0,0.0,0.0,0.0,0.0,0.0,0.0
IMDB-MULTI,attrs,0.75,graph2vec,16,0,1.0,0.0,0.0,0.0,0.0,0.0,0.0,0.0
IMDB-MULTI,attrs,1.0,graph2vec,16,0,1.0,0.0,0.0,0.0,0.0,0.0,0.0,0.0
IMDB-MULTI,edges,0.25,graph2vec,32,0,0.6128949522972107,0.7114142179489136,0.007333333333333303,0.08600000000000008,0.003301545855731003,0.08606709073794538,0.004204666666666634,0.014216666666666655
IMDB-MULTI,edges,0.5,graph2vec,32,0,0.63649982213974,0.7041171193122864,0.007333333333333303,0.07266666666666666,0.0041522709100635935,0.07268925874809362,0.006966000000000028,0.013456000000000023
IMDB-MULTI,edges,0.75,graph2vec,32,0,0.6483603715896606,0.6963075995445251,0.003333333333333355,0.08266666666666667,-0.0009750165413368594,0.08273365873519045,0.008783999999999903,0.014114000000000182
IMDB-MULTI,edges,1.0,graph2vec,32,0,0.5535325407981873,0.7854098081588745,-0.011333333333333362,-0.01200000000000001,-0.011507782083452212,-0.011948763163291187,0.00092733333333328,-0.004815333333333172
IMDB-MULTI,attrs,0.25,graph2vec,32,0,1.0,0.0,0.0,0.0,0.0,0.0,0.0,0.0
IMDB-MULTI,attrs,0.5,graph2vec,32,0,1.0,0.0,0.0,0.0,0.0,0.0,0.0,0.0
IMDB-MULTI,attrs,0.75,graph2vec,32,0,1.0,0.0,0.0,0.0,0.0,0.0,0.0,0.0
IMDB-MULTI,attrs,1.0,graph2vec,32,0,1.0,0.0,0.0,0.0,0.0,0.0,0.0,0.0
IMDB-MULTI,edges,0.25,graph2vec,64,0,0.5251201391220093,0.7194617390632629,0.00933333333333336,0.03200000000000003,0.011373047081570498,0.03197779339736828,0.007824666666666702,0.0016086666666667027
IMDB-MULTI,edges,0.5,graph2vec,64,0,0.4911397695541382,0.7444424033164978,0.0020000000000000018,0.029333333333333322,0.004003225887730277,0.029309785392002796,0.00716333333333341,0.0015780000000000793
IMDB-MULTI,edges,0.75,graph2vec,64,0,0.5499832630157471,0.7148827314376831,-0.008000000000000007,0.03200000000000003,-0.006480977245590214,0.03197779339736828,0.006226666666666714,0.0016086666666667027
IMDB-MULTI,edges,1.0,graph2vec,64,0,0.5475542545318604,0.7501082420349121,0.015333333333333365,-0.010666666666666602,0.01736647602922714,-0.010707867303696772,0.015316666666666756,-0.0021293333333332054
IMDB-MULTI,attrs,0.25,graph2vec,64,0,1.0,0.0,0.0,0.0,0.0,0.0,0.0,0.0
IMDB-MULTI,attrs,0.5,graph2vec,64,0,1.0,0.0,0.0,0.0,0.0,0.0,0.0,0.0
IMDB-MULTI,attrs,0.75,graph2vec,64,0,1.0,0.0,0.0,0.0,0.0,0.0,0.0,0.0
IMDB-MULTI,attrs,1.0,graph2vec,64,0,1.0,0.0,0.0,0.0,0.0,0.0,0.0,0.0
IMDB-MULTI,edges,0.25,graph2vec,128,0,0.41430577635765076,0.7456175088882446,0.004666666666666708,0.0020000000000000018,0.006487979145822997,0.0020006680006680044,-0.00012066666666665782,2.133333333331766e-05
IMDB-MULTI,edges,0.5,graph2vec,128,0,0.4944930076599121,0.718349277973175,0.014666666666666717,0.0020000000000000018,0.016486847956938555,0.0020006680006680044,-0.0011839999999998518,2.133333333331766e-05
IMDB-MULTI,edges,0.75,graph2vec,128,0,0.5059747695922852,0.7128567099571228,0.018000000000000016,0.0020000000000000018,0.01983642781198569,0.0020006680006680044,-0.00012733333333325714,2.133333333331766e-05
IMDB-MULTI,edges,1.0,graph2vec,128,0,0.42169809341430664,0.7917937636375427,0.0013333333333334085,-0.011333333333333306,0.003970607006058113,-0.011350386468117701,0.004722000000000004,-0.00042800000000009497
IMDB-MULTI,attrs,0.25,graph2vec,128,0,1.0,0.0,0.0,0.0,0.0,0.0,0.0,0.0
IMDB-MULTI,attrs,0.5,graph2vec,128,0,1.0,0.0,0.0,0.0,0.0,0.0,0.0,0.0
IMDB-MULTI,attrs,0.75,graph2vec,128,0,1.0,0.0,0.0,0.0,0.0,0.0,0.0,0.0
IMDB-MULTI,attrs,1.0,graph2vec,128,0,1.0,0.0,0.0,0.0,0.0,0.0,0.0,0.0
IMDB-MULTI,edges,0.25,graph2vec,256,0,0.5058098435401917,0.6880424618721008,-0.004666666666666708,0.17200000000000004,-0.003877262333303211,0.1719884914265396,-0.01833600000000013,0.03740599999999994
IMDB-MULTI,edges,0.5,graph2vec,256,0,0.5357606410980225,0.6809115409851074,-0.019333333333333313,0.17200000000000004,-0.01877021740177076,0.1719884914265396,-0.025085333333333515,0.03740599999999994
IMDB-MULTI,edges,0.75,graph2vec,256,0,0.563713788986206,0.6666696667671204,-0.02200000000000002,0.17200000000000004,-0.021440814557809995,0.1719884914265396,-0.022514666666666572,0.03740599999999994
IMDB-MULTI,edges,1.0,graph2vec,256,0,0.47729092836380005,0.7445302605628967,-0.02733333333333332,0.1226666666666667,-0.02659482659478818,0.12322858617995935,-0.02436533333333335,0.034612666666666625
IMDB-MULTI,attrs,0.25,graph2vec,256,0,1.0,0.0,0.0,0.0,0.0,0.0,0.0,0.0
IMDB-MULTI,attrs,0.5,graph2vec,256,0,1.0,0.0,0.0,0.0,0.0,0.0,0.0,0.0
IMDB-MULTI,attrs,0.75,graph2vec,256,0,1.0,0.0,0.0,0.0,0.0,0.0,0.0,0.0
IMDB-MULTI,attrs,1.0,graph2vec,256,0,1.0,0.0,0.0,0.0,0.0,0.0,0.0,0.0
IMDB-MULTI,edges,0.25,netlsd,16,0,0.9915323347575348,0.6930834254086817,-0.057999999999999996,0.05399999999999994,-0.05965799086049617,0.05589641458314176,-0.04031533333333326,0.043642999999999876
IMDB-MULTI,edges,0.5,netlsd,16,0,0.9922680027699522,0.7846515152995104,-0.043333333333333335,0.041999999999999926,-0.03299191302670729,0.042979241191154594,-0.05283966666666684,0.042412000000000005
IMDB-MULTI,edges,0.75,netlsd,16,0,0.9940279558298063,0.7539090539018216,-0.02999999999999997,0.06666666666666665,-0.01516887384572424,0.06991915581808572,-0.039178999999999964,0.053436999999999846
IMDB-MULTI,edges,1.0,netlsd,16,0,0.9962950007169147,0.768933058269872,-0.029333333333333322,-0.026000000000000023,-0.01894053680668728,-0.029420837559108404,-0.03883833333333331,-0.021697333333333346
IMDB-MULTI,attrs,0.25,netlsd,16,0,1.0,0.0,0.0,0.0,0.0,0.0,0.0,0.0
IMDB-MULTI,attrs,0.5,netlsd,16,0,1.0,0.0,0.0,0.0,0.0,0.0,0.0,0.0
IMDB-MULTI,attrs,0.75,netlsd,16,0,1.0,0.0,0.0,0.0,0.0,0.0,0.0,0.0
IMDB-MULTI,attrs,1.0,netlsd,16,0,1.0,0.0,0.0,0.0,0.0,0.0,0.0,0.0
IMDB-MULTI,edges,0.25,netlsd,32,0,0.991532334757533,0.6930834254086488,-0.016000000000000014,0.06266666666666665,-0.008474022021183913,0.0640842165838218,-0.02321899999999999,0.0461056666666666
IMDB-MULTI,edges,0.5,netlsd,32,0,0.9922680027699515,0.7846515152994428,-0.014666666666666661,0.05799999999999994,-0.005997943192881883,0.05958016148513201,-0.035666666666666735,0.04434766666666656
IMDB-MULTI,edges,0.75,netlsd,32,0,0.9940279558298062,0.7539090539017751,-0.026000000000000023,0.05933333333333324,-0.016197338087390656,0.060736067441745534,-0.02461766666666676,0.046486999999999945
IMDB-MULTI,edges,1.0,netlsd,32,0,0.996295000716914,0.7689330582698068,-0.023333333333333317,-0.05933333333333335,-0.017139510646482448,-0.06059271937317168,-0.027210666666666716,-0.048382333333333194
IMDB-MULTI,attrs,0.25,netlsd,32,0,1.0,0.0,0.0,0.0,0.0,0.0,0.0,0.0
IMDB-MULTI,attrs,0.5,netlsd,32,0,1.0,0.0,0.0,0.0,0.0,0.0,0.0,0.0
IMDB-MULTI,attrs,0.75,netlsd,32,0,1.0,0.0,0.0,0.0,0.0,0.0,0.0,0.0
IMDB-MULTI,attrs,1.0,netlsd,32,0,1.0,0.0,0.0,0.0,0.0,0.0,0.0,0.0
IMDB-MULTI,edges,0.25,netlsd,64,0,0.9915323347575348,0.6930834254085836,-0.019333333333333313,0.006000000000000005,-0.014929486267832859,0.0059607461216344415,-0.040995333333333384,0.004244999999999943
IMDB-MULTI,edges,0.5,netlsd,64,0,0.9922680027699532,0.7846515152994037,-0.029333333333333322,0.005333333333333301,-0.025675451838669372,0.0052527814946459195,-0.04376133333333332,0.005113666666666572
IMDB-MULTI,edges,0.75,netlsd,64,0,0.9940279558298053,0.7539090539017038,-0.011333333333333306,0.0020000000000000018,-0.006408461134261079,0.0017212448081594944,-0.03420433333333339,0.002717999999999887
IMDB-MULTI,edges,1.0,netlsd,64,0,0.9962950007169146,0.7689330582697584,-0.026000000000000023,-0.11533333333333329,-0.022688793311084643,-0.12080013753337226,-0.02518033333333325,-0.08940000000000003
IMDB-MULTI,attrs,0.25,netlsd,64,0,1.0,0.0,0.0,0.0,0.0,0.0,0.0,0.0
IMDB-MULTI,attrs,0.5,netlsd,64,0,1.0,0.0,0.0,0.0,0.0,0.0,0.0,0.0
IMDB-MULTI,attrs,0.75,netlsd,64,0,1.0,0.0,0.0,0.0,0.0,0.0,0.0,0.0
IMDB-MULTI,attrs,1.0,netlsd,64,0,1.0,0.0,0.0,0.0,0.0,0.0,0.0,0.0
IMDB-MULTI,edges,0.25,netlsd,128,0,0.9915323347575343,0.6930834254086549,-0.0006666666666665932,-0.0020000000000000018,0.002636152754013854,-0.0018740598308765177,-0.00451866666666656,-0.001318999999999959
IMDB-MULTI,edges,0.5,netlsd,128,0,0.9922680027699513,0.7846515152994556,-0.009333333333333305,0.0,-0.009217692781836151,-7.591389776762103e-05,-0.019782666666666615,0.0003286666666667548
IMDB-MULTI,edges,0.75,netlsd,128,0,0.994027955829805,0.7539090539017641,-0.007999999999999896,-0.0033333333333332993,-0.004109718663251605,-0.0035064161125998305,-0.028721333333333376,-0.0025599999999998957
IMDB-MULTI,edges,1.0,netlsd,128,0,0.9962950007169147,0.768933058269818,-0.01866666666666661,-0.12066666666666659,-0.013930105930525238,-0.12973455958408486,-0.017190999999999734,-0.09473066666666652
IMDB-MULTI,attrs,0.25,netlsd,128,0,1.0,0.0,0.0,0.0,0.0,0.0,0.0,0.0
IMDB-MULTI,attrs,0.5,netlsd,128,0,1.0,0.0,0.0,0.0,0.0,0.0,0.0,0.0
IMDB-MULTI,attrs,0.75,netlsd,128,0,1.0,0.0,0.0,0.0,0.0,0.0,0.0,0.0
IMDB-MULTI,attrs,1.0,netlsd,128,0,1.0,0.0,0.0,0.0,0.0,0.0,0.0,0.0
IMDB-MULTI,edges,0.25,netlsd,256,0,0.9999670916605606,0.8286044764934356,-0.02400000000000002,-0.020666666666666667,-0.052015972980908376,-0.029769044714711812,0.0073266666666667035,-0.008793999999999969
IMDB-MULTI,edges,0.5,netlsd,256,0,0.9999557466474683,0.959963776702529,-0.02533333333333332,-0.016000000000000014,-0.07195726888894016,-0.015137076733878374,-0.001442999999999861,-0.01565233333333338
IMDB-MULTI,edges,0.75,netlsd,256,0,0.9999575558045275,0.9601039186693353,-0.03400000000000003,-0.009333333333333305,-0.05570475465292696,-0.0026299566011750986,0.015795000000000003,-0.007875999999999994
IMDB-MULTI,edges,1.0,netlsd,256,0,0.999956246401417,0.9668630500493655,-0.03200000000000003,-0.04799999999999999,-0.04296191916291703,-0.04657954733342873,0.013171000000000044,-0.01633399999999985
IMDB-MULTI,attrs,0.25,netlsd,256,0,0.9999999999999997,0.0,0.0,0.0,0.0,0.0,0.0,0.0
IMDB-MULTI,attrs,0.5,netlsd,256,0,0.9999999999999997,0.0,0.0,0.0,0.0,0.0,0.0,0.0
IMDB-MULTI,attrs,0.75,netlsd,256,0,0.9999999999999997,0.0,0.0,0.0,0.0,0.0,0.0,0.0
IMDB-MULTI,attrs,1.0,netlsd,256,0,0.9999999999999997,0.0,0.0,0.0,0.0,0.0,0.0,0.0
IMDB-MULTI,edges,0.25,gin,16,0,0.06939802318811417,10.01054859161377,0.018666666666666665,0.013333333333333308,0.019571051475647527,0.002229653224531114,0.03527199999999997,0.023933333333333362
IMDB-MULTI,edges,0.5,gin,16,0,0.10437551140785217,10.084391593933105,-0.07733333333333331,-0.09000000000000002,-0.12672671882590197,-0.1542595182043473,-0.007391999999999954,-0.09363299999999986
IMDB-MULTI,edges,0.75,gin,16,0,0.2096894383430481,10.108962059020996,0.003333333333333355,-0.018666666666666665,0.020379209031543333,-0.017695030764244113,0.02004499999999998,-0.01702233333333336
IMDB-MULTI,edges,1.0,gin,16,0,0.08535760641098022,10.004021644592285,-0.08066666666666666,-0.10199999999999998,-0.13279898819575703,-0.17477180321699104,-0.055923999999999974,-0.11738366666666666
IMDB-MULTI,attrs,0.25,gin,16,0,0.09375584870576859,10.053067207336426,0.003333333333333355,-0.01733333333333331,0.03395891637251802,-0.009082559447805671,0.016457000000000055,-0.024776666666666558
IMDB-MULTI,attrs,0.5,gin,16,0,0.10988694429397583,10.090639114379883,-0.008000000000000007,-0.026000000000000023,0.0024143944360346947,-0.02467509115438632,0.0155453333333333,-0.044783999999999935
IMDB-MULTI,attrs,0.75,gin,16,0,0.15769095718860626,9.4134521484375,0.02400000000000002,0.014000000000000012,0.032691822722344055,0.010181802451746103,0.04654933333333344,0.02149699999999999
IMDB-MULTI,attrs,1.0,gin,16,0,0.2459934502840042,9.735547065734863,0.020000000000000018,0.018666666666666665,0.023528299703587996,0.02891367537756845,0.05747566666666659,0.038775000000000115
IMDB-MULTI,edges,0.25,gin,32,0,0.42644986510276794,17.05809783935547,0.023999999999999966,0.013333333333333364,0.05578629035218702,0.025737529377235113,0.02961199999999997,0.018401999999999807
IMDB-MULTI,edges,0.5,gin,32,0,0.8066020607948303,13.284080505371094,-0.001333333333333353,0.01200000000000001,-0.013279683085813343,-0.006180695690814808,-0.010234000000000076,0.0028686666666666305
IMDB-MULTI,edges,0.75,gin,32,0,0.5948463082313538,17.122650146484375,0.009999999999999953,0.005333333333333357,0.009817586828931635,-0.00926053064377641,0.016058333333333286,-0.002130666666666725
IMDB-MULTI,edges,1.0,gin,32,0,0.7993069887161255,11.686120986938477,0.01266666666666666,0.002666666666666706,0.006880826132084794,-0.01982313942920938,0.013780333333333283,-0.00029966666666658703
IMDB-MULTI,attrs,0.25,gin,32,0,0.7266170978546143,12.808463096618652,0.0026666666666666505,0.002666666666666706,0.04857233358882257,0.0001423375836659968,0.0178383333333334,0.01412766666666665
IMDB-MULTI,attrs,0.5,gin,32,0,0.17080968618392944,21.65496063232422,0.013999999999999957,0.002666666666666706,0.018305589468671446,-0.002923178116288949,0.01765366666666668,0.0003926666666667078
IMDB-MULTI,attrs,0.75,gin,32,0,0.31968653202056885,22.52027130126953,0.009999999999999953,-0.008666666666666656,0.013553875403150117,0.005460940487146959,0.0031556666666666677,-0.003634666666666675
IMDB-MULTI,attrs,1.0,gin,32,0,0.8485799431800842,9.883184432983398,0.011999999999999955,0.01866666666666672,0.058217686759698684,0.029718922679848103,0.025323666666666744,0.01545933333333327
IMDB-MULTI,edges,0.25,gin,64,0,0.6837897896766663,2.957612991333008,0.008666666666666656,-0.007999999999999952,-0.002236570893423384,-0.02103931313795443,0.004066000000000014,-0.001643333333333219
IMDB-MULTI,edges,0.5,gin,64,0,0.3838704526424408,17.149127960205078,0.013333333333333308,0.01266666666666666,0.008800744259394477,0.0020393820868989665,-0.0031323333333332926,0.010537666666666778
IMDB-MULTI,edges,0.75,gin,64,0,0.196852907538414,41.6049690246582,-0.0040000000000000036,-0.01599999999999996,-0.030664903224118523,-0.04784769703615155,-0.020189333333333392,-0.013456999999999941
IMDB-MULTI,edges,1.0,gin,64,0,0.2691625952720642,24.91145896911621,0.007333333333333303,0.0006666666666667043,-0.0057135718731317064,-0.012093757379637915,-0.008159333333333296,0.0021340000000000803
IMDB-MULTI,attrs,0.25,gin,64,0,0.37148600816726685,23.964611053466797,0.006666666666666654,-0.013999999999999957,0.0031079555402587777,-0.018084354174388917,0.0072310000000000985,0.0004203333333333559
IMDB-MULTI,attrs,0.5,gin,64,0,0.6752848029136658,3.104858636856079,0.031333333333333324,0.035999999999999976,0.03964204339096006,0.04407150676438659,0.03303433333333339,0.032338999999999896
IMDB-MULTI,attrs,0.75,gin,64,0,0.5032227635383606,2.996297597885132,0.013999999999999957,0.01933333333333337,0.007749179983051746,0.016400132890686925,0.014574333333333467,0.027171999999999974
IMDB-MULTI,attrs,1.0,gin,64,0,0.5346891283988953,7.672385215759277,0.0026666666666666505,0.0006666666666667043,-0.013842486042800417,-0.02249005723892117,-0.006342333333333228,0.004351000000000105
IMDB-MULTI,edges,0.25,gin,128,0,0.38138487935066223,25.87877655029297,-0.014000000000000012,-0.008000000000000007,-0.022691692889323878,-0.015501337498523837,-0.01818433333333347,-0.008244333333333409
IMDB-MULTI,edges,0.5,gin,128,0,0.5595014691352844,8.933843612670898,-0.010000000000000009,-0.015333333333333421,-0.0018147945570086699,-0.012175020503300549,-0.0038773333333333992,-0.010233000000000048
IMDB-MULTI,edges,0.75,gin,128,0,0.5917192101478577,7.214367389678955,-0.014000000000000012,-0.01933333333333337,-0.009705515942800724,-0.026174661615597616,-0.010329333333333524,-0.015205333333333404
IMDB-MULTI,edges,1.0,gin,128,0,0.4458489716053009,11.01937198638916,-0.014000000000000012,-0.016000000000000014,-0.018738671116403205,-0.020406436026095653,-0.006854000000000027,-0.01347300000000018
IMDB-MULTI,attrs,0.25,gin,128,0,0.6012280583381653,6.588384628295898,0.0020000000000000018,0.0013333333333332975,0.006756886866650769,0.006052198692844346,0.008113333333333306,0.004547333333333015
IMDB-MULTI,attrs,0.5,gin,128,0,0.34982654452323914,8.0436429977417,0.005333333333333301,0.007333333333333303,0.011188845194636698,0.01409874127341415,0.00024566666666669956,0.01613466666666652
IMDB-MULTI,attrs,0.75,gin,128,0,0.46569159626960754,19.024423599243164,-0.02466666666666667,-0.015333333333333421,-0.031150783661373582,-0.030897603275472474,-0.02119066666666669,-0.017735000000000056
IMDB-MULTI,attrs,1.0,gin,128,0,0.3467988669872284,8.348821640014648,0.0033333333333332993,0.011333333333333306,0.006176690659511208,0.01727025571709806,0.008731000000000044,0.01752033333333325
IMDB-MULTI,edges,0.25,gin,256,0,0.4941039979457855,5.215859413146973,0.0033333333333334103,0.0040000000000000036,0.005248195278489298,0.0072927307618423365,-0.002043666666666777,-0.0008993333333333631
IMDB-MULTI,edges,0.5,gin,256,0,0.5126413702964783,6.512969493865967,-0.0013333333333332975,-0.0086666666666666,0.004233751120893858,0.005969835914456101,-0.009040333333333428,-0.014453666666666698
IMDB-MULTI,edges,0.75,gin,256,0,0.47916170954704285,8.309144020080566,-0.010000000000000009,-0.02200000000000002,-0.006891382892442677,-0.01843079793754493,-0.010644666666666747,-0.024078000000000044
IMDB-MULTI,edges,1.0,gin,256,0,0.5089906454086304,9.331117630004883,-0.006666666666666599,-0.018000000000000016,-0.0032161771855980237,-0.0077644868383452414,-0.01611566666666675,-0.020506333333333293
IMDB-MULTI,attrs,0.25,gin,256,0,0.3211313784122467,3.557626724243164,0.00666666666666671,-0.0040000000000000036,0.0034811935020457874,0.0034015324885290354,0.010710666666666535,0.0013106666666665712
IMDB-MULTI,attrs,0.5,gin,256,0,0.44112101197242737,4.404047966003418,-0.0020000000000000018,-0.005333333333333301,0.0034372199051589947,-0.0012167325203720214,9.399999999992747e-05,-0.007807666666666768
IMDB-MULTI,attrs,0.75,gin,256,0,0.42374929785728455,12.568896293640137,-0.0020000000000000018,-0.013333333333333308,-0.004189182775080347,-0.010304768763704286,-0.00943733333333352,-0.017621666666666647
IMDB-MULTI,attrs,1.0,gin,256,0,0.3622923195362091,32.15867614746094,-0.01733333333333331,-0.029333333333333322,-0.026249973460371112,-0.03522149089159693,-0.027403333333333335,-0.03631333333333342
IMDB-MULTI,edges,0.25,graph2vec,16,1,0.20354093611240387,0.960065484046936,-0.008666666666666656,0.05266666666666675,-0.011797717527827878,0.052912033054342444,0.008040000000000047,0.028510000000000146
IMDB-MULTI,edges,0.5,graph2vec,16,1,0.39229023456573486,0.8737055659294128,0.0013333333333332975,0.014666666666666717,-0.0014731747432815134,0.014960911230966878,0.005754000000000037,0.008746000000000143
IMDB-MULTI,edges,0.75,graph2vec,16,1,0.3062458634376526,0.9179970622062683,0.009333333333333305,0.04400000000000004,0.005874247161205937,0.0439742540052096,0.011014666666666728,0.01767933333333349
IMDB-MULTI,edges,1.0,graph2vec,16,1,0.38771316409111023,0.9248993992805481,0.005333333333333301,-0.051999999999999935,0.005091499131570476,-0.052231745771362026,0.001759333333333446,-0.022386666666666444
IMDB-MULTI,attrs,0.25,graph2vec,16,1,1.0,0.0,0.0,0.0,0.0,0.0,0.0,0.0
IMDB-MULTI,attrs,0.5,graph2vec,16,1,1.0,0.0,0.0,0.0,0.0,0.0,0.0,0.0
IMDB-MULTI,attrs,0.75,graph2vec,16,1,1.0,0.0,0.0,0.0,0.0,0.0,0.0,0.0
IMDB-MULTI,attrs,1.0,graph2vec,16,1,1.0,0.0,0.0,0.0,0.0,0.0,0.0,0.0
IMDB-MULTI,edges,0.25,graph2vec,32,1,0.39222362637519836,0.8234425187110901,-0.0020000000000000018,0.06666666666666665,-0.005474131292559192,0.06658087193662576,0.00029400000000001647,0.00702333333333327
IMDB-MULTI,edges,0.5,graph2vec,32,1,0.48497021198272705,0.7754513621330261,-0.008000000000000007,0.06599999999999995,-0.01087311181305095,0.06591420460329189,-0.006715333333333295,0.00702333333333327
IMDB-MULTI,edges,0.75,graph2vec,32,1,0.5687475204467773,0.7345606088638306,-0.0006666666666667043,0.06533333333333335,-0.004972308838124606,0.06524753793662508,0.0003886666666667038,0.0069826666666665815
IMDB-MULTI,edges,1.0,graph2vec,32,1,0.5359116792678833,0.793661892414093,-0.014666666666666661,-0.018000000000000016,-0.01654188321600575,-0.01811968980006584,-0.008775999999999895,-0.008318000000000048
IMDB-MULTI,attrs,0.25,graph2vec,32,1,1.0,0.0,0.0,0.0,0.0,0.0,0.0,0.0
IMDB-MULTI,attrs,0.5,graph2vec,32,1,1.0,0.0,0.0,0.0,0.0,0.0,0.0,0.0
IMDB-MULTI,attrs,0.75,graph2vec,32,1,1.0,0.0,0.0,0.0,0.0,0.0,0.0,0.0
IMDB-MULTI,attrs,1.0,graph2vec,32,1,1.0,0.0,0.0,0.0,0.0,0.0,0.0,0.0
IMDB-MULTI,edges,0.25,graph2vec,64,1,0.35153189301490784,0.8094008564949036,0.015333333333333365,0.012666666666666715,0.01949703762412286,0.012676575552892366,0.00834266666666672,0.000272000000000161
IMDB-MULTI,edges,0.5,graph2vec,64,1,0.45025959610939026,0.759634792804718,-0.0013333333333332975,0.012666666666666715,0.0041453440009968645,0.012676575552892366,0.002710666666666639,0.000272000000000161
IMDB-MULTI,edges,0.75,graph2vec,64,1,0.4093303978443146,0.7798263430595398,0.004666666666666708,0.008000000000000007,0.008170472243892002,0.00800982555080898,0.006507999999999958,0.00026266666666685534
IMDB-MULTI,edges,1.0,graph2vec,64,1,0.3142283856868744,0.870326817035675,-0.011333333333333306,-0.06799999999999995,-0.005881944568012776,-0.06803214157741966,-0.001986666666666692,-0.013219999999999787
IMDB-MULTI,attrs,0.25,graph2vec,64,1,1.0,0.0,0.0,0.0,0.0,0.0,0.0,0.0
IMDB-MULTI,attrs,0.5,graph2vec,64,1,1.0,0.0,0.0,0.0,0.0,0.0,0.0,0.0
IMDB-MULTI,attrs,0.75,graph2vec,64,1,1.0,0.0,0.0,0.0,0.0,0.0,0.0,0.0
IMDB-MULTI,attrs,1.0,graph2vec,64,1,1.0,0.0,0.0,0.0,0.0,0.0,0.0,0.0
IMDB-MULTI,edges,0.25,graph2vec,128,1,0.45368409156799316,0.7397957444190979,0.019333333333333425,0.06066666666666665,0.021205485084532905,0.06067209632978665,-0.010453333333333314,0.00523466666666661
IMDB-MULTI,edges,0.5,graph2vec,128,1,0.5515495538711548,0.6824837923049927,-0.005999999999999894,0.06066666666666665,-0.004390576811765912,0.06067209632978665,-0.013618000000000019,0.00523466666666661
IMDB-MULTI,edges,0.75,graph2vec,128,1,0.49433600902557373,0.7130752205848694,0.005333333333333412,0.06066666666666665,0.006583205977528039,0.06067209632978665,-0.008748666666666738,0.00523466666666661
IMDB-MULTI,edges,1.0,graph2vec,128,1,0.42931124567985535,0.7871924638748169,0.004666666666666708,0.06066666666666665,0.006933228443953832,0.06067209632978665,-0.007008666666666663,0.00523466666666661
IMDB-MULTI,attrs,0.25,graph2vec,128,1,1.0,0.0,0.0,0.0,0.0,0.0,0.0,0.0
IMDB-MULTI,attrs,0.5,graph2vec,128,1,1.0,0.0,0.0,0.0,0.0,0.0,0.0,0.0
IMDB-MULTI,attrs,0.75,graph2vec,128,1,1.0,0.0,0.0,0.0,0.0,0.0,0.0,0.0
IMDB-MULTI,attrs,1.0,graph2vec,128,1,1.0,0.0,0.0,0.0,0.0,0.0,0.0,0.0
IMDB-MULTI,edges,0.25,graph2vec,256,1,0.439747154712677,0.7295467257499695,-0.016000000000000014,0.10533333333333328,-0.015479738307757063,0.10455265878465203,-0.0314873333333332,0.01972666666666678
IMDB-MULTI,edges,0.5,graph2vec,256,1,0.5123730301856995,0.6841043829917908,-0.029333333333333433,0.10533333333333328,-0.02903556655931916,0.10455265878465203,-0.03047466666666665,0.01972666666666678
IMDB-MULTI,edges,0.75,graph2vec,256,1,0.5142688751220703,0.686222493648529,-0.03400000000000003,0.10533333333333328,-0.033656458661089905,0.10455265878465203,-0.030505333333333162,0.01972666666666678
IMDB-MULTI,edges,1.0,graph2vec,256,1,0.5085762739181519,0.7301215529441833,-0.015333333333333421,0.10333333333333328,-0.015051290045920096,0.1025513134298931,-0.02457733333333323,0.01972133333333348
IMDB-MULTI,attrs,0.25,graph2vec,256,1,1.0,0.0,0.0,0.0,0.0,0.0,0.0,0.0
IMDB-MULTI,attrs,0.5,graph2vec,256,1,1.0,0.0,0.0,0.0,0.0,0.0,0.0,0.0
IMDB-MULTI,attrs,0.75,graph2vec,256,1,1.0,0.0,0.0,0.0,0.0,0.0,0.0,0.0
IMDB-MULTI,attrs,1.0,graph2vec,256,1,1.0,0.0,0.0,0.0,0.0,0.0,0.0,0.0
IMDB-MULTI,edges,0.25,netlsd,16,1,0.9937767920817563,0.6684423927572897,-0.04733333333333334,0.05800000000000005,-0.04207204663516334,0.061378755156184295,-0.04500633333333326,0.04446533333333347
IMDB-MULTI,edges,0.5,netlsd,16,1,0.9905210525683077,0.8373079025201132,-0.0713333333333333,0.05133333333333334,-0.07102789169065121,0.054216426461227485,-0.04596,0.041408
IMDB-MULTI,edges,0.75,netlsd,16,1,0.9891139370148794,0.9028975019560895,-0.09466666666666668,0.05466666666666675,-0.0938681508091957,0.05745172563838585,-0.05346366666666669,0.036660000000000026
IMDB-MULTI,edges,1.0,netlsd,16,1,0.9926278980503057,0.8475621503819727,-0.040666666666666684,-0.041999999999999926,-0.02336478890846605,-0.042928843141090245,-0.04087633333333329,-0.03790399999999983
IMDB-MULTI,attrs,0.25,netlsd,16,1,1.0,0.0,0.0,0.0,0.0,0.0,0.0,0.0
IMDB-MULTI,attrs,0.5,netlsd,16,1,1.0,0.0,0.0,0.0,0.0,0.0,0.0,0.0
IMDB-MULTI,attrs,0.75,netlsd,16,1,1.0,0.0,0.0,0.0,0.0,0.0,0.0,0.0
IMDB-MULTI,attrs,1.0,netlsd,16,1,1.0,0.0,0.0,0.0,0.0,0.0,0.0,0.0
IMDB-MULTI,edges,0.25,netlsd,32,1,0.9937767920817565,0.6684423927572039,-0.02799999999999997,0.06133333333333335,-0.02061549421637876,0.062049218339723655,-0.0372256666666666,0.04683133333333345
IMDB-MULTI,edges,0.5,netlsd,32,1,0.9905210525683078,0.8373079025200793,-0.023999999999999966,0.062000000000000055,-0.01761744649009167,0.06281456951882858,-0.030230666666666628,0.04631333333333365
IMDB-MULTI,edges,0.75,netlsd,32,1,0.9891139370148806,0.9028975019560285,-0.033333333333333326,0.05800000000000005,-0.02580881979889038,0.05890534869263453,-0.047513333333333296,0.043440000000000145
IMDB-MULTI,edges,1.0,netlsd,32,1,0.9926278980503063,0.8475621503819142,-0.021333333333333315,-0.06399999999999995,-0.011671273499834767,-0.06828645201736139,-0.028774999999999884,-0.04970199999999991
IMDB-MULTI,attrs,0.25,netlsd,32,1,1.0,0.0,0.0,0.0,0.0,0.0,0.0,0.0
IMDB-MULTI,attrs,0.5,netlsd,32,1,1.0,0.0,0.0,0.0,0.0,0.0,0.0,0.0
IMDB-MULTI,attrs,0.75,netlsd,32,1,1.0,0.0,0.0,0.0,0.0,0.0,0.0,0.0
IMDB-MULTI,attrs,1.0,netlsd,32,1,1.0,0.0,0.0,0.0,0.0,0.0,0.0,0.0
IMDB-MULTI,edges,0.25,netlsd,64,1,0.9937767920817564,0.6684423927572715,-0.027999999999999914,0.004666666666666708,-0.028929296827127082,0.004585877143806427,-0.017176666666666618,0.003786333333333336
IMDB-MULTI,edges,0.5,netlsd,64,1,0.9905210525683078,0.8373079025201051,-0.016000000000000014,0.004666666666666708,-0.014493637376311375,0.0046557530046932305,-0.012953333333333483,0.0038243333333333185
IMDB-MULTI,edges,0.75,netlsd,64,1,0.9891139370148798,0.902897501956047,-0.02399999999999991,0.0013333333333332975,-0.021431216664358432,0.0012221664448152092,-0.023193999999999937,0.004035333333333391
IMDB-MULTI,edges,1.0,netlsd,64,1,0.9926278980503058,0.8475621503819338,-0.02066666666666661,-0.11933333333333329,-0.021662592071173603,-0.12369649188761789,-0.02115699999999987,-0.09008366666666667
IMDB-MULTI,attrs,0.25,netlsd,64,1,1.0,0.0,0.0,0.0,0.0,0.0,0.0,0.0
IMDB-MULTI,attrs,0.5,netlsd,64,1,1.0,0.0,0.0,0.0,0.0,0.0,0.0,0.0
IMDB-MULTI,attrs,0.75,netlsd,64,1,1.0,0.0,0.0,0.0,0.0,0.0,0.0,0.0
IMDB-MULTI,attrs,1.0,netlsd,64,1,1.0,0.0,0.0,0.0,0.0,0.0,0.0,0.0
IMDB-MULTI,edges,0.25,netlsd,128,1,0.9937767920817565,0.6684423927572526,-0.019333333333333313,0.0013333333333334085,-0.020423073224616783,0.0010302079880504245,-0.025892333333333184,0.0004133333333331546
IMDB-MULTI,edges,0.5,netlsd,128,1,0.990521052568309,0.8373079025200992,-0.028000000000000025,0.0,-0.02714111226620075,0.0,-0.02790233333333314,0.00021433333333320537
IMDB-MULTI,edges,0.75,netlsd,128,1,0.9891139370148798,0.9028975019560306,-0.030000000000000027,-0.0013333333333332975,-0.030686242995978774,-0.0017473473236978565,-0.02531899999999987,-0.00023966666666674907
IMDB-MULTI,edges,1.0,netlsd,128,1,0.9926278980503075,0.8475621503819105,-0.008000000000000007,-0.122,-0.010295515898987362,-0.12683428212682224,-0.01397333333333306,-0.09339600000000015
IMDB-MULTI,attrs,0.25,netlsd,128,1,1.0,0.0,0.0,0.0,0.0,0.0,0.0,0.0
IMDB-MULTI,attrs,0.5,netlsd,128,1,1.0,0.0,0.0,0.0,0.0,0.0,0.0,0.0
IMDB-MULTI,attrs,0.75,netlsd,128,1,1.0,0.0,0.0,0.0,0.0,0.0,0.0,0.0
IMDB-MULTI,attrs,1.0,netlsd,128,1,1.0,0.0,0.0,0.0,0.0,0.0,0.0,0.0
IMDB-MULTI,edges,0.25,netlsd,256,1,0.9999687442153821,0.8260840517281202,-0.040000000000000036,0.028666666666666674,-0.05209118054906864,0.04631884102823397,0.00028166666666662454,-0.013268000000000058
IMDB-MULTI,edges,0.5,netlsd,256,1,0.9999571562019326,0.9572259649881186,-0.033333333333333326,-0.03466666666666668,-0.06129295296471854,-0.027740650406635148,-0.002523666666666591,-0.01997300000000002
IMDB-MULTI,edges,0.75,netlsd,256,1,0.9999492871009253,1.0089858762369297,-0.028000000000000025,0.01533333333333331,-0.07877296673562822,0.010457819453474737,0.0028643333333333576,-0.006577333333333324
IMDB-MULTI,edges,1.0,netlsd,256,1,0.9999506590300328,1.0024896499163123,-0.030666666666666675,-0.027333333333333376,-0.07853460240813925,-0.005517995885287286,0.00218666666666667,-0.016806333333333368
IMDB-MULTI,attrs,0.25,netlsd,256,1,0.9999999999999997,0.0,0.0,0.0,0.0,0.0,0.0,0.0
IMDB-MULTI,attrs,0.5,netlsd,256,1,0.9999999999999997,0.0,0.0,0.0,0.0,0.0,0.0,0.0
IMDB-MULTI,attrs,0.75,netlsd,256,1,0.9999999999999997,0.0,0.0,0.0,0.0,0.0,0.0,0.0
IMDB-MULTI,attrs,1.0,netlsd,256,1,0.9999999999999997,0.0,0.0,0.0,0.0,0.0,0.0,0.0
IMDB-MULTI,edges,0.25,gin,16,1,0.9016279578208923,0.2100811004638672,-0.04733333333333334,-0.07133333333333336,-0.10388581486790133,-0.17562680769317288,-0.007271333333333407,-0.06289
IMDB-MULTI,edges,0.5,gin,16,1,0.8349555730819702,0.26675355434417725,-0.05800000000000005,-0.08666666666666667,-0.14348940944753702,-0.23587835934867477,-0.024032000000000053,-0.08516799999999991
IMDB-MULTI,edges,0.75,gin,16,1,0.826004147529602,0.3171265125274658,0.01533333333333331,-0.012666666666666715,-0.027939239826999474,-0.0815255510053034,0.013234333333333348,-0.02871166666666658
IMDB-MULTI,edges,1.0,gin,16,1,0.938772439956665,0.22266703844070435,-0.028666666666666674,-0.052000000000000046,-0.13075494219602307,-0.1605087757314903,-0.013755666666666722,-0.05183066666666658
IMDB-MULTI,attrs,0.25,gin,16,1,0.9570004343986511,0.1459021270275116,-0.03866666666666668,-0.002666666666666706,-0.04290420946257556,-0.005923204482641997,0.003682666666666612,0.0024406666666666466
IMDB-MULTI,attrs,0.5,gin,16,1,0.9667556881904602,0.11855680495500565,-0.06333333333333335,-0.09133333333333338,-0.19975279132017998,-0.24436658320460194,-0.012114999999999987,-0.06387333333333334
IMDB-MULTI,attrs,0.75,gin,16,1,0.9838555455207825,0.08959440141916275,-0.001333333333333353,0.0019999999999999463,-0.0011184062480234513,0.006834572161181607,0.01874500000000001,0.002579333333333378
IMDB-MULTI,attrs,1.0,gin,16,1,0.9927080869674683,0.06783920526504517,-0.013333333333333364,-0.020000000000000018,-0.005311550686054656,-0.021568123535842698,0.007631333333333212,-0.011638000000000037
IMDB-MULTI,edges,0.25,gin,32,1,0.7706595063209534,19.35127830505371,0.08400000000000002,0.043999999999999984,0.13720962567884032,0.07523276422260555,0.06664999999999999,0.03702833333333333
IMDB-MULTI,edges,0.5,gin,32,1,0.3880232870578766,29.978965759277344,-0.04466666666666663,-0.12133333333333335,-0.06287296485881988,-0.21570146132716608,-0.055578333333333285,-0.11185099999999992
IMDB-MULTI,edges,0.75,gin,32,1,0.7839763760566711,20.232044219970703,0.07533333333333336,0.02466666666666667,0.0902905201722618,0.035266065224983656,0.055308333333333404,0.02427366666666675
IMDB-MULTI,edges,1.0,gin,32,1,0.46393465995788574,28.2265682220459,0.07466666666666666,0.023333333333333317,0.09941693658691608,0.05594670551320746,0.06630800000000003,0.03241866666666671
IMDB-MULTI,attrs,0.25,gin,32,1,0.8264212012290955,18.94417953491211,0.043333333333333335,0.006666666666666654,0.044730429588056564,0.015445038806806977,0.05637466666666657,0.017322999999999977
IMDB-MULTI,attrs,0.5,gin,32,1,0.9194774031639099,8.517070770263672,0.06933333333333336,0.011333333333333306,0.09480612969480418,0.05518455920885168,0.04609866666666673,0.015430999999999973
IMDB-MULTI,attrs,0.75,gin,32,1,0.6876345872879028,22.36283302307129,0.0586666666666667,0.016666666666666663,0.0731952983826416,0.0182862156979966,0.04258899999999999,0.016345333333333323
IMDB-MULTI,attrs,1.0,gin,32,1,0.8449085354804993,19.062711715698242,0.0586666666666667,0.009999999999999953,0.07842916987868248,0.013625322577526355,0.038959999999999884,0.009358333333333357
IMDB-MULTI,edges,0.25,gin,64,1,0.5330413579940796,0.6862788200378418,-0.023333333333333317,-0.013333333333333308,-0.025362818631761597,-0.017593740130176616,-0.02034166666666659,-0.004876666666666751
IMDB-MULTI,edges,0.5,gin,64,1,0.6954808235168457,0.6363236308097839,-0.011999999999999955,-0.02399999999999991,-0.01681623730389392,-0.02841091134436957,-0.013712999999999864,-0.015794000000000086
IMDB-MULTI,edges,0.75,gin,64,1,0.3612798750400543,7.638019561767578,-0.016666666666666663,-0.02399999999999991,-0.025311998967021188,-0.04094196021189972,-0.031704333333333334,-0.02121133333333325
IMDB-MULTI,edges,1.0,gin,64,1,0.4097644090652466,0.8530431985855103,-0.01266666666666666,-0.03199999999999997,-0.014044783344425882,-0.042966064655226954,-0.025241333333333338,-0.029357333333333235
IMDB-MULTI,attrs,0.25,gin,64,1,0.48526936769485474,0.7889732122421265,-0.011999999999999955,-0.022666666666666613,-0.021627912572057928,-0.03401060879526324,-0.018804000000000043,-0.023453666666666706
IMDB-MULTI,attrs,0.5,gin,64,1,0.48938003182411194,0.8666380047798157,-0.011333333333333306,-0.025333333333333263,-0.013459496205621979,-0.037901903352372646,-0.016991666666666738,-0.01683099999999993
IMDB-MULTI,attrs,0.75,gin,64,1,0.6732543110847473,0.5940466523170471,-0.006666666666666654,-0.02399999999999991,-0.014489107760702724,-0.03497142107427359,-0.015441999999999956,-0.014720666666666604
IMDB-MULTI,attrs,1.0,gin,64,1,0.34660327434539795,17.12020492553711,-0.011333333333333306,-0.0086666666666666,-0.03628553388200362,-0.010192962166950204,-0.02745333333333322,0.003234333333333339
IMDB-MULTI,edges,0.25,gin,128,1,0.3016144633293152,24.74053955078125,0.01266666666666666,0.02400000000000002,0.03407385124052548,0.02210564624932987,0.026349333333333225,0.007383333333333408
IMDB-MULTI,edges,0.5,gin,128,1,0.27404242753982544,24.280004501342773,0.0040000000000000036,0.02400000000000002,0.02120518713818237,0.02084786185145593,0.023665333333333205,0.010468666666666793
IMDB-MULTI,edges,0.75,gin,128,1,0.5567172765731812,20.605655670166016,0.017333333333333367,0.03066666666666673,0.0408058599714573,0.02807052796242876,0.0334363333333334,0.01464600000000027
IMDB-MULTI,edges,1.0,gin,128,1,0.38506007194519043,26.252017974853516,0.008000000000000007,0.02533333333333332,0.01858768337922445,0.021098869700949485,0.014242666666666626,0.009097333333333402
IMDB-MULTI,attrs,0.25,gin,128,1,0.48338305950164795,21.85382843017578,0.010666666666666658,0.033333333333333326,0.026327034060458165,0.021826827312555364,0.024048666666666607,0.01750566666666664
IMDB-MULTI,attrs,0.5,gin,128,1,0.45041096210479736,23.79393768310547,0.01266666666666666,0.02866666666666673,0.03138906805057412,0.0279425525370523,0.019955666666666705,0.013400333333333347
IMDB-MULTI,attrs,0.75,gin,128,1,0.31035950779914856,26.14257049560547,0.016000000000000014,0.024666666666666726,0.03704748173436828,0.019328411465281192,0.02676299999999998,0.013905666666666927
IMDB-MULTI,attrs,1.0,gin,128,1,0.39147210121154785,34.02503204345703,-0.0040000000000000036,0.02400000000000002,0.019075859604667178,0.01043095295332569,0.008445666666666574,0.00541533333333355
IMDB-MULTI,edges,0.25,gin,256,1,0.19938558340072632,32.861289978027344,-0.007333333333333358,-0.01666666666666672,-0.004257688696324646,-0.03229302114944066,0.000447666666666624,0.01327233333333333
IMDB-MULTI,edges,0.5,gin,256,1,0.308555543422699,32.89432907104492,0.005333333333333301,0.002666666666666595,0.0026377150969662533,-0.0036007879710345803,0.00804366666666656,0.02137033333333327
IMDB-MULTI,edges,0.75,gin,256,1,0.37461066246032715,31.214330673217773,-0.008666666666666711,0.0,-0.012612593099569969,-0.012811514101507271,0.0023199999999999887,0.01851333333333316
IMDB-MULTI,edges,1.0,gin,256,1,0.22080546617507935,32.70059585571289,0.006000000000000005,0.005333333333333301,0.00524902422753365,0.0069119368782317725,0.010631666666666484,0.019986999999999977
IMDB-MULTI,attrs,0.25,gin,256,1,0.2817067801952362,32.26873016357422,0.010000000000000009,-0.00666666666666671,0.011599667849677364,-0.012832969493201785,0.008616333333333226,0.007365333333333224
IMDB-MULTI,attrs,0.5,gin,256,1,0.2991580367088318,34.61198806762695,0.005333333333333301,-0.01666666666666672,-0.0009785654624405171,-0.007403746278713319,-0.008221333333333525,0.003638666666666568
IMDB-MULTI,attrs,0.75,gin,256,1,0.39515241980552673,30.522890090942383,0.010000000000000009,-0.004666666666666708,0.007579106363738319,-0.009937563452117937,0.010627333333333211,0.012871999999999884
IMDB-MULTI,attrs,1.0,gin,256,1,0.29435184597969055,33.86528778076172,0.004666666666666597,-0.007333333333333358,0.0006984096849596555,-0.014259753598605651,0.0019236666666665458,0.0070666666666665545
IMDB-MULTI,edges,0.25,graph2vec,16,2,0.3964967131614685,0.8635810613632202,-0.016000000000000014,0.09400000000000008,-0.020831462409655277,0.09388796840236158,-0.008558000000000066,0.04923333333333324
IMDB-MULTI,edges,0.5,graph2vec,16,2,0.6075361967086792,0.7579686641693115,-0.011333333333333362,0.02866666666666673,-0.018173195064641212,0.028256526098144996,-0.0011740000000001194,0.012985999999999942
IMDB-MULTI,edges,0.75,graph2vec,16,2,0.5280908942222595,0.8108923435211182,-0.008000000000000007,-0.04466666666666663,-0.016353457354480017,-0.04664189184081102,0.0016119999999999468,-0.02193199999999995
IMDB-MULTI,edges,1.0,graph2vec,16,2,0.6236013174057007,0.7856521606445312,-0.02466666666666667,-0.007999999999999896,-0.02572158503712435,-0.00853611262091869,-0.012931333333333406,-0.004535333333333336
IMDB-MULTI,attrs,0.25,graph2vec,16,2,1.0,0.0,0.0,0.0,0.0,0.0,0.0,0.0
IMDB-MULTI,attrs,0.5,graph2vec,16,2,1.0,0.0,0.0,0.0,0.0,0.0,0.0,0.0
IMDB-MULTI,attrs,0.75,graph2vec,16,2,1.0,0.0,0.0,0.0,0.0,0.0,0.0,0.0
IMDB-MULTI,attrs,1.0,graph2vec,16,2,1.0,0.0,0.0,0.0,0.0,0.0,0.0,0.0
IMDB-MULTI,edges,0.25,graph2vec,32,2,0.5353327393531799,0.7500268816947937,0.019333333333333313,0.07066666666666666,0.014501846034749521,0.07066910078665856,0.0008913333333333551,0.010887333333333249
IMDB-MULTI,edges,0.5,graph2vec,32,2,0.5998918414115906,0.7194597125053406,0.020666666666666667,0.07399999999999995,0.016521917242530382,0.07400244812005374,0.007718000000000003,0.010919333333333281
IMDB-MULTI,edges,0.75,graph2vec,32,2,0.6453427076339722,0.6990294456481934,0.02266666666666667,0.06599999999999995,0.016685116805380373,0.06600177545271446,0.0047399999999999665,0.010500666666666714
IMDB-MULTI,edges,1.0,graph2vec,32,2,0.7096510529518127,0.6862737536430359,0.021333333333333315,-0.006000000000000005,0.017306690917071654,-0.005918768265322227,0.009770000000000056,-0.004808666666666572
IMDB-MULTI,attrs,0.25,graph2vec,32,2,1.0,0.0,0.0,0.0,0.0,0.0,0.0,0.0
IMDB-MULTI,attrs,0.5,graph2vec,32,2,1.0,0.0,0.0,0.0,0.0,0.0,0.0,0.0
IMDB-MULTI,attrs,0.75,graph2vec,32,2,1.0,0.0,0.0,0.0,0.0,0.0,0.0,0.0
IMDB-MULTI,attrs,1.0,graph2vec,32,2,1.0,0.0,0.0,0.0,0.0,0.0,0.0,0.0
IMDB-MULTI,edges,0.25,graph2vec,64,2,0.357576459646225,0.7953333258628845,-0.0026666666666666505,0.04733333333333334,0.0005853989733870524,0.047025766828470594,0.004588666666666685,0.0036206666666668275
IMDB-MULTI,edges,0.5,graph2vec,64,2,0.3932635486125946,0.7873363494873047,0.004666666666666652,0.04733333333333334,0.007059841526321942,0.047025766828470594,0.007671999999999901,0.0036206666666668275
IMDB-MULTI,edges,0.75,graph2vec,64,2,0.3837224841117859,0.7992972731590271,0.014000000000000012,0.04733333333333334,0.01718178557279265,0.047025766828470594,0.014248666666666576,0.0036206666666668275
IMDB-MULTI,edges,1.0,graph2vec,64,2,0.4907728135585785,0.7839177250862122,0.014666666666666661,-0.05933333333333335,0.016949034666044527,-0.05935566502838496,0.0081513333333334,-0.016647999999999663
IMDB-MULTI,attrs,0.25,graph2vec,64,2,1.0,0.0,0.0,0.0,0.0,0.0,0.0,0.0
IMDB-MULTI,attrs,0.5,graph2vec,64,2,1.0,0.0,0.0,0.0,0.0,0.0,0.0,0.0
IMDB-MULTI,attrs,0.75,graph2vec,64,2,1.0,0.0,0.0,0.0,0.0,0.0,0.0,0.0
IMDB-MULTI,attrs,1.0,graph2vec,64,2,1.0,0.0,0.0,0.0,0.0,0.0,0.0,0.0
IMDB-MULTI,edges,0.25,graph2vec,128,2,0.4250738024711609,0.7412341833114624,0.008000000000000007,0.0033333333333332993,0.010692052423005305,0.0033333760006826196,-0.006103999999999776,7.999999999896978e-06
IMDB-MULTI,edges,0.5,graph2vec,128,2,0.4547705352306366,0.7338130474090576,0.00666666666666671,0.0033333333333332993,0.009637944079205374,0.0033333760006826196,-0.0009346666666664172,7.999999999896978e-06
IMDB-MULTI,edges,0.75,graph2vec,128,2,0.47358056902885437,0.731568455696106,0.024666666666666726,0.0033333333333332993,0.027518782988401602,0.0033333760006826196,-0.0004013333333331426,7.999999999896978e-06
IMDB-MULTI,edges,1.0,graph2vec,128,2,0.4027526080608368,0.802047610282898,0.021333333333333315,0.0033333333333332993,0.024381467296839432,0.0033333760006826196,-0.0031799999999999606,7.999999999896978e-06
IMDB-MULTI,attrs,0.25,graph2vec,128,2,1.0,0.0,0.0,0.0,0.0,0.0,0.0,0.0
IMDB-MULTI,attrs,0.5,graph2vec,128,2,1.0,0.0,0.0,0.0,0.0,0.0,0.0,0.0
IMDB-MULTI,attrs,0.75,graph2vec,128,2,1.0,0.0,0.0,0.0,0.0,0.0,0.0,0.0
IMDB-MULTI,attrs,1.0,graph2vec,128,2,1.0,0.0,0.0,0.0,0.0,0.0,0.0,0.0
IMDB-MULTI,edges,0.25,graph2vec,256,2,0.4751594364643097,0.70013028383255,-0.014666666666666717,0.1226666666666667,-0.0143568967476283,0.12153337019303156,-0.02056866666666679,0.019630666666666685
IMDB-MULTI,edges,0.5,graph2vec,256,2,0.5164482593536377,0.6848244071006775,-0.022666666666666724,0.1226666666666667,-0.022545994385932522,0.12153337019303156,-0.02098000000000011,0.019630666666666685
IMDB-MULTI,edges,0.75,graph2vec,256,2,0.5138474106788635,0.692138671875,-0.02400000000000002,0.1226666666666667,-0.024046627709533364,0.12153337019303156,-0.02159000000000022,0.019630666666666685
IMDB-MULTI,edges,1.0,graph2vec,256,2,0.4957633316516876,0.7363024353981018,-0.01866666666666672,0.1226666666666667,-0.018526051205656424,0.12153337019303156,-0.022295333333333556,0.019630666666666685
IMDB-MULTI,attrs,0.25,graph2vec,256,2,1.0,0.0,0.0,0.0,0.0,0.0,0.0,0.0
IMDB-MULTI,attrs,0.5,graph2vec,256,2,1.0,0.0,0.0,0.0,0.0,0.0,0.0,0.0
IMDB-MULTI,attrs,0.75,graph2vec,256,2,1.0,0.0,0.0,0.0,0.0,0.0,0.0,0.0
IMDB-MULTI,attrs,1.0,graph2vec,256,2,1.0,0.0,0.0,0.0,0.0,0.0,0.0,0.0
IMDB-MULTI,edges,0.25,netlsd,16,2,0.9952720386359829,0.6443787538630521,-0.07733333333333331,0.06066666666666665,-0.08510342783542041,0.06413323483129652,-0.04303066666666666,0.05386466666666667
IMDB-MULTI,edges,0.5,netlsd,16,2,0.9931275285871229,0.7655676262789708,-0.07400000000000001,0.043333333333333335,-0.07569390464136011,0.045882959295772685,-0.04844499999999996,0.03577733333333322
IMDB-MULTI,edges,0.75,netlsd,16,2,0.989402181741102,0.9110135096889505,-0.05733333333333335,0.04933333333333334,-0.06641306199121577,0.053475702445912376,-0.036414333333333326,0.04340366666666673
IMDB-MULTI,edges,1.0,netlsd,16,2,0.9928620186226832,0.7781665615706191,-0.064,-0.03733333333333333,-0.0613775948403969,-0.040374219937447386,-0.030645666666666682,-0.037469333333333465
IMDB-MULTI,attrs,0.25,netlsd,16,2,1.0,0.0,0.0,0.0,0.0,0.0,0.0,0.0
IMDB-MULTI,attrs,0.5,netlsd,16,2,1.0,0.0,0.0,0.0,0.0,0.0,0.0,0.0
IMDB-MULTI,attrs,0.75,netlsd,16,2,1.0,0.0,0.0,0.0,0.0,0.0,0.0,0.0
IMDB-MULTI,attrs,1.0,netlsd,16,2,1.0,0.0,0.0,0.0,0.0,0.0,0.0,0.0
IMDB-MULTI,edges,0.25,netlsd,32,2,0.9952720386359832,0.6443787538629284,-0.036666666666666625,0.061999999999999944,-0.027617046928978983,0.065040707267217,-0.03598033333333339,0.04742299999999999
IMDB-MULTI,edges,0.5,netlsd,32,2,0.9931275285871239,0.7655676262788718,-0.029333333333333322,0.05666666666666664,-0.021951655293553807,0.05935310774549252,-0.03780366666666668,0.04372633333333331
IMDB-MULTI,edges,0.75,netlsd,32,2,0.9894021817411027,0.9110135096889275,-0.023999999999999966,0.05666666666666664,-0.02076862302923488,0.05952392931273809,-0.030279000000000056,0.04343600000000003
IMDB-MULTI,edges,1.0,netlsd,32,2,0.9928620186226819,0.7781665615705309,-0.022666666666666613,-0.06066666666666676,-0.013191159386845785,-0.06590319324745286,-0.02351100000000006,-0.0490870000000001
IMDB-MULTI,attrs,0.25,netlsd,32,2,1.0,0.0,0.0,0.0,0.0,0.0,0.0,0.0
IMDB-MULTI,attrs,0.5,netlsd,32,2,1.0,0.0,0.0,0.0,0.0,0.0,0.0,0.0
IMDB-MULTI,attrs,0.75,netlsd,32,2,1.0,0.0,0.0,0.0,0.0,0.0,0.0,0.0
IMDB-MULTI,attrs,1.0,netlsd,32,2,1.0,0.0,0.0,0.0,0.0,0.0,0.0,0.0
IMDB-MULTI,edges,0.25,netlsd,64,2,0.995272038635983,0.6443787538630256,-0.028666666666666618,0.009333333333333305,-0.022353566836975314,0.010138980408081921,-0.027112999999999943,0.011462333333333352
IMDB-MULTI,edges,0.5,netlsd,64,2,0.9931275285871234,0.7655676262789806,-0.026000000000000023,0.010000000000000009,-0.019471157004237072,0.010662141135211023,-0.024880666666666662,0.010347666666666755
IMDB-MULTI,edges,0.75,netlsd,64,2,0.9894021817411032,0.9110135096889198,-0.02733333333333332,0.004666666666666597,-0.025504280151805336,0.005327179412023764,-0.027197666666666565,0.008737333333333375
IMDB-MULTI,edges,1.0,netlsd,64,2,0.9928620186226814,0.7781665615706728,-0.021333333333333315,-0.1146666666666667,-0.015409329232467406,-0.11775925419321254,-0.013346333333333238,-0.08370233333333343
IMDB-MULTI,attrs,0.25,netlsd,64,2,1.0,0.0,0.0,0.0,0.0,0.0,0.0,0.0
IMDB-MULTI,attrs,0.5,netlsd,64,2,1.0,0.0,0.0,0.0,0.0,0.0,0.0,0.0
IMDB-MULTI,attrs,0.75,netlsd,64,2,1.0,0.0,0.0,0.0,0.0,0.0,0.0,0.0
IMDB-MULTI,attrs,1.0,netlsd,64,2,1.0,0.0,0.0,0.0,0.0,0.0,0.0,0.0
IMDB-MULTI,edges,0.25,netlsd,128,2,0.9952720386359837,0.6443787538630211,-0.008666666666666711,0.0020000000000000018,-0.006034280678139603,0.0018314114269565307,-0.015197999999999934,0.001739666666666695
IMDB-MULTI,edges,0.5,netlsd,128,2,0.9931275285871243,0.7655676262789751,-0.00666666666666671,0.0020000000000000018,-0.0019192493965842772,0.0019023965044959734,-0.015794333333333244,0.0019580000000001263
IMDB-MULTI,edges,0.75,netlsd,128,2,0.9894021817411013,0.911013509688945,-0.01733333333333331,-0.002666666666666706,-0.01370710236438688,-0.0029167920976134187,-0.023074333333333308,-0.0006720000000000059
IMDB-MULTI,edges,1.0,netlsd,128,2,0.9928620186226832,0.7781665615706019,0.002666666666666595,-0.1213333333333334,0.003907064660743531,-0.1279452699475474,-0.005096666666666527,-0.09196799999999994
IMDB-MULTI,attrs,0.25,netlsd,128,2,1.0,0.0,0.0,0.0,0.0,0.0,0.0,0.0
IMDB-MULTI,attrs,0.5,netlsd,128,2,1.0,0.0,0.0,0.0,0.0,0.0,0.0,0.0
IMDB-MULTI,attrs,0.75,netlsd,128,2,1.0,0.0,0.0,0.0,0.0,0.0,0.0,0.0
IMDB-MULTI,attrs,1.0,netlsd,128,2,1.0,0.0,0.0,0.0,0.0,0.0,0.0,0.0
IMDB-MULTI,edges,0.25,netlsd,256,2,0.999969381646,0.8082325903194117,-0.02133333333333337,-0.02133333333333337,-0.03510559654758011,-0.01624833140638554,0.0029813333333332803,-0.01877799999999996
IMDB-MULTI,edges,0.5,netlsd,256,2,0.9999531371984482,0.9471927277259511,-0.02733333333333332,-0.01933333333333337,-0.024960798955309116,-0.012465773233156896,-0.004670333333333332,-0.04646366666666668
IMDB-MULTI,edges,0.75,netlsd,256,2,0.9999482572918854,1.0163238793870706,-0.023333333333333373,-0.017333333333333367,-0.019669192914710254,-0.003686349656901955,0.0016206666666667147,-0.03258033333333343
IMDB-MULTI,edges,1.0,netlsd,256,2,0.9999549321024048,0.971461627983183,-0.014666666666666661,-0.02266666666666667,-0.010447291939436276,-0.020225290638998417,0.008950666666666773,-0.023948999999999998
IMDB-MULTI,attrs,0.25,netlsd,256,2,0.9999999999999997,0.0,0.0,0.0,0.0,0.0,0.0,0.0
IMDB-MULTI,attrs,0.5,netlsd,256,2,0.9999999999999997,0.0,0.0,0.0,0.0,0.0,0.0,0.0
IMDB-MULTI,attrs,0.75,netlsd,256,2,0.9999999999999997,0.0,0.0,0.0,0.0,0.0,0.0,0.0
IMDB-MULTI,attrs,1.0,netlsd,256,2,0.9999999999999997,0.0,0.0,0.0,0.0,0.0,0.0,0.0
IMDB-MULTI,edges,0.25,gin,16,2,0.027324950322508812,0.009658223018050194,0.014666666666666661,0.023333333333333373,0.04095633594421641,0.06496442878491665,0.014886666666666715,0.025172333333333352
IMDB-MULTI,edges,0.5,gin,16,2,0.026626942679286003,0.0025980889331549406,0.014666666666666661,0.015333333333333365,0.03820482039319603,0.03901449878451835,0.00898533333333329,0.012722000000000011
IMDB-MULTI,edges,0.75,gin,16,2,0.011998927220702171,0.0015140344621613622,0.0026666666666666505,0.002666666666666706,0.004876525375499208,0.0054678373683112735,0.0016826666666667212,0.0016920000000000268
IMDB-MULTI,edges,1.0,gin,16,2,0.02733311988413334,0.005331275053322315,0.028000000000000025,0.03400000000000003,0.05658301896029422,0.06519714686758121,0.02952133333333329,0.030079999999999996
IMDB-MULTI,attrs,0.25,gin,16,2,0.011999786831438541,0.000694166636094451,-0.006666666666666654,-0.01266666666666666,-0.01563609317450565,-0.030469510988826082,-0.007009999999999961,-0.005702666666666634
IMDB-MULTI,attrs,0.5,gin,16,2,0.019333120435476303,0.00041243620216846466,-0.0020000000000000018,-0.0026666666666666505,-0.005165608749641559,-0.006347690399991834,-0.0026886666666666725,-0.0030399999999999316
IMDB-MULTI,attrs,0.75,gin,16,2,0.02733311988413334,0.0011802163207903504,0.001333333333333353,0.0006666666666667043,0.0034859442086195014,0.003486090141445519,-0.0019333333333333425,-0.0009319999999999329
IMDB-MULTI,attrs,1.0,gin,16,2,0.02733311988413334,0.0007878659525886178,0.0020000000000000018,0.0006666666666667043,0.004762488860806768,0.0032678627485477063,-0.0016119999999999468,0.0006713333333333571
IMDB-MULTI,edges,0.25,gin,32,2,0.005050943233072758,26.667762756347656,0.11933333333333335,0.11666666666666664,0.18326920014676046,0.18632139220283864,0.12288633333333332,0.14855733333333343
IMDB-MULTI,edges,0.5,gin,32,2,0.007162706460803747,24.504981994628906,0.04733333333333334,0.13066666666666665,0.09285046182405438,0.19990269578994038,0.09292066666666665,0.14904933333333326
IMDB-MULTI,edges,0.75,gin,32,2,0.005850701592862606,30.510896682739258,0.11599999999999999,0.12866666666666665,0.16748849343824174,0.2119214219422119,0.11705299999999996,0.1335966666666667
IMDB-MULTI,edges,1.0,gin,32,2,0.004425463732331991,18.81774139404297,0.126,0.13066666666666665,0.20262976948226247,0.21644410309427994,0.13095433333333328,0.14877666666666667
IMDB-MULTI,attrs,0.25,gin,32,2,0.007327295374125242,12.059759140014648,0.11066666666666669,0.10333333333333333,0.14978656231238602,0.2078821887366656,0.10283533333333328,0.12591733333333333
IMDB-MULTI,attrs,0.5,gin,32,2,0.0007016343879513443,26.529369354248047,0.09733333333333333,0.13466666666666666,0.1679714605953746,0.23967328305017696,0.1143276666666666,0.15850200000000003
IMDB-MULTI,attrs,0.75,gin,32,2,0.00547224935144186,0.5943746566772461,0.066,0.08333333333333331,0.12864268399051343,0.15794433597946309,0.06318466666666656,0.08579233333333336
IMDB-MULTI,attrs,1.0,gin,32,2,0.0005530330236069858,62.21831130981445,0.043999999999999984,0.09533333333333333,0.13331814974250716,0.15203247374345644,0.11165633333333336,0.123247
IMDB-MULTI,edges,0.25,gin,64,2,0.7237789034843445,0.3312968313694,-0.008666666666666711,0.0,-0.0009905674822757726,0.006782665833569568,-0.008751333333333333,-0.005912666666666677
IMDB-MULTI,edges,0.5,gin,64,2,0.35701891779899597,23.0147647857666,0.0653333333333333,0.07400000000000007,0.05703842966892425,0.07216291499861849,0.07235533333333322,0.0805853333333334
IMDB-MULTI,edges,0.75,gin,64,2,0.14257226884365082,20.210857391357422,0.0633333333333333,0.07333333333333336,0.05114564400474764,0.06825257359932524,0.06373266666666666,0.07757933333333333
IMDB-MULTI,edges,1.0,gin,64,2,0.2954700291156769,23.45098876953125,0.055999999999999994,0.07000000000000006,0.020196174387539567,0.05691383964209373,0.05849699999999991,0.08079899999999995
IMDB-MULTI,attrs,0.25,gin,64,2,0.32149508595466614,15.710701942443848,0.05466666666666664,0.04666666666666669,0.032430732156887965,0.032669858655787753,0.04922033333333331,0.05475866666666662
IMDB-MULTI,attrs,0.5,gin,64,2,0.6783232688903809,0.40429583191871643,0.0033333333333332993,0.001333333333333353,0.011294616717382966,0.007877705241363775,0.00792499999999996,0.0031560000000000477
IMDB-MULTI,attrs,0.75,gin,64,2,0.8601513504981995,0.23354844748973846,0.005333333333333301,0.002666666666666706,0.0119445920472242,0.010958943457113124,0.006126333333333234,0.005004666666666657
IMDB-MULTI,attrs,1.0,gin,64,2,0.3338577151298523,23.12441062927246,0.04799999999999999,0.06133333333333335,0.00749685523378768,0.05657061726916873,0.035665999999999864,0.0688656666666666
IMDB-MULTI,edges,0.25,gin,128,2,0.36677661538124084,25.871519088745117,-0.02200000000000002,0.00933333333333336,-0.048176804334035817,0.007065913664855983,-0.017250333333333145,0.004702666666666744
IMDB-MULTI,edges,0.5,gin,128,2,0.26819536089897156,18.20433807373047,-0.014000000000000068,0.007333333333333358,-0.025241876789855733,0.004453125695179416,-0.010762666666666476,-0.005673999999999957
IMDB-MULTI,edges,0.75,gin,128,2,0.3557320237159729,17.801361083984375,-0.0020000000000000018,0.010666666666666658,-0.006572536643467297,0.02469254229816631,-0.0008239999999999359,-0.0009626666666666672
IMDB-MULTI,edges,1.0,gin,128,2,0.4463191330432892,24.53378677368164,-0.004666666666666708,-0.003999999999999948,-0.02045870303392694,-0.027042939382794562,-0.007264333333333317,-0.002383333333333404
IMDB-MULTI,attrs,0.25,gin,128,2,0.45127537846565247,30.03614616394043,-0.03533333333333338,-0.011999999999999955,-0.05103896748487263,-0.01394494380947836,-0.024307333333333236,-0.013301000000000007
IMDB-MULTI,attrs,0.5,gin,128,2,0.47269052267074585,19.70352554321289,0.007333333333333303,0.004666666666666708,0.003620080763854283,0.014200899828492486,0.005918666666666739,0.003434333333333317
IMDB-MULTI,attrs,0.75,gin,128,2,0.3682229518890381,17.370391845703125,0.0013333333333332975,0.001333333333333353,-0.004767940892495659,-0.0026447956862645228,0.0037493333333333823,0.0020206666666664486
IMDB-MULTI,attrs,1.0,gin,128,2,0.41765519976615906,23.8194637298584,-0.007333333333333358,-0.0006666666666666488,-0.016267638217623948,-0.004543733990323151,-0.007601333333333349,-0.0022013333333334995
IMDB-MULTI,edges,0.25,gin,256,2,0.32762691378593445,12.801947593688965,0.009999999999999953,-0.018000000000000016,0.012671580402768778,-0.025507073555267767,-0.0015340000000000353,-0.017974000000000045
IMDB-MULTI,edges,0.5,gin,256,2,0.34084704518318176,9.653219223022461,0.0013333333333332975,-0.020666666666666722,0.003333073918074081,-0.020197219819305223,-0.004436333333333375,-0.02184666666666668
IMDB-MULTI,edges,0.75,gin,256,2,0.3769015371799469,11.385174751281738,0.009999999999999953,-0.026666666666666727,0.014402924015550711,-0.029711030376990022,-0.004315666666666718,-0.028231333333333275
IMDB-MULTI,edges,1.0,gin,256,2,0.3565100133419037,9.51882266998291,0.011333333333333362,-0.020000000000000018,0.013419817869052386,-0.024662454386174926,-0.0033729999999999594,-0.022321999999999953
IMDB-MULTI,attrs,0.25,gin,256,2,0.47006648778915405,12.224419593811035,0.003999999999999948,-0.030000000000000027,0.004957828003866738,-0.04310072027783962,-0.002267666666666668,-0.027742999999999962
IMDB-MULTI,attrs,0.5,gin,256,2,0.4065360128879547,14.541489601135254,0.005333333333333357,-0.019333333333333313,0.008169301915450677,-0.018621471300317105,0.0006879999999999109,-0.012783333333333258
IMDB-MULTI,attrs,0.75,gin,256,2,0.5574260950088501,8.335962295532227,0.018666666666666665,-0.0033333333333334103,0.021568676543580634,-0.006420284119596165,0.019551666666666634,-0.013486666666666536
IMDB-MULTI,attrs,1.0,gin,256,2,0.588085949420929,9.780594825744629,-0.002666666666666706,-0.040666666666666684,-0.008016686744215962,-0.058986776681639985,-0.011573000000000166,-0.028302999999999856
