dataset,method,dim,algo,ari_mean,ari_std,sil_mean,sil_std,n_runs
ENZYMES,gin,32,kmeans,0.025899999999999996,0.004603259714593562,0.31083333333333335,0.03423248944107533,3
IMDB-MULTI,graph2vec,32,kmeans,0.009133333333333334,0.00023094010767585105,0.3590333333333333,0.0017897858344878548,3
MUTAG,gin,32,spectral,0.2645,0.0064085879880048414,0.7136,0.004138840417315013,3
